Molly,Lane,imperdiet.non@yahoo.ca
Buckminster,Taylor,dolor.nonummy@aol.ca
Talon,Beard,dolor.dolor.tempus@aol.couk
Kevin,Hayes,aliquam.iaculis.lacus@aol.org
Elizabeth,Morrison,cursus.luctus@yahoo.com
Maggy,Ware,ligula.aliquam@protonmail.ca
Dylan,Leonard,neque@google.ca
Phillip,Thomas,suspendisse.aliquet@google.couk
Isaiah,Sosa,id.magna@yahoo.couk
Geoffrey,Sutton,nonummy@hotmail.edu
Maisie,Serrano,mollis.lectus.pede@aol.ca
Keefe,Richard,adipiscing.lobortis@icloud.org
Eagan,Rutledge,fringilla@outlook.couk
Wanda,Harding,hendrerit.a@protonmail.com
Tallulah,Vance,metus.facilisis.lorem@yahoo.couk
Amethyst,Clark,et.rutrum@protonmail.com
Beck,Martin,semper.nam@yahoo.edu
Shay,Sullivan,arcu.iaculis@icloud.org
Joseph,Conner,mi.fringilla.mi@aol.couk
Anjolie,Conway,facilisis.facilisis@protonmail.couk
Slade,Conley,eleifend.non.dapibus@google.net
Nevada,Spencer,scelerisque.lorem@aol.net
Kalia,Monroe,auctor.quis@hotmail.ca
Jermaine,Gray,ornare@aol.net
Holmes,Barton,eget.varius@yahoo.ca
Latifah,Bruce,bibendum.ullamcorper.duis@aol.net
Constance,Vega,eu.elit.nulla@protonmail.org
Damian,Kirk,magna.nam@protonmail.ca
Jessica,Delgado,neque.pellentesque@outlook.ca
Xanthus,Dodson,vitae.nibh@aol.edu
Stewart,Dale,aliquet.phasellus.fermentum@hotmail.ca
Alexander,Howard,conubia@aol.ca
Harlan,Park,metus.vivamus.euismod@google.edu
Aline,Parks,gravida.sagittis.duis@outlook.net
Erich,Combs,aliquam@yahoo.org
Len,Mayo,morbi.quis@aol.org
Oren,Hutchinson,sit.amet.ornare@protonmail.edu
Roary,Finley,sem.nulla@aol.com
Robert,Melendez,libero.at.auctor@aol.ca
Tasha,Marquez,non@protonmail.org
Gwendolyn,Pollard,arcu.sed@google.com
Jillian,Sandoval,faucibus.id@google.net
Patricia,Perry,lacinia@outlook.edu
Giacomo,Rocha,ipsum@outlook.com
Merrill,Valentine,feugiat@outlook.net
Timothy,Kelley,nec.diam@aol.net
Alexis,Barker,in.ornare@google.ca
Lacota,Lamb,nec.urna@yahoo.net
Jakeem,Lindsey,enim.suspendisse@protonmail.edu
Naomi,Hammond,ornare.egestas@outlook.com
Justin,Allison,fusce.mollis.duis@yahoo.edu
Reagan,Dickerson,lectus@yahoo.edu
Perry,Cross,id.ante@google.couk
Neil,Petty,rhoncus.donec@protonmail.com
Stuart,Frost,mollis.dui.in@protonmail.com
Autumn,Rutledge,pellentesque@google.ca
Abdul,Barr,egestas@google.com
Adrienne,Parker,ante.lectus@hotmail.edu
Fuller,Morin,nam.tempor@icloud.net
Reed,Slater,posuere.enim@google.net
Kylynn,Owens,mauris.quis@icloud.net
Vera,Franco,vel.turpis@aol.ca
Paloma,Navarro,mauris@hotmail.couk
Shafira,Ramsey,sed.id@icloud.edu
Patience,Graves,enim@hotmail.couk
Paul,Fischer,amet.diam@aol.net
Zachery,Ferrell,elit.aliquam@google.com
Dieter,Ford,blandit.congue.in@hotmail.com
Axel,Black,ac.ipsum@yahoo.net
Nolan,Lowe,imperdiet.dictum@icloud.ca
Macaulay,Willis,ac.mattis@google.net
Thomas,Stuart,magna.nam@icloud.net
Meredith,Bright,sed.eu@google.org
Hu,Wiggins,eleifend.cras@google.com
Todd,Sutton,egestas.a.scelerisque@google.couk
Gemma,Elliott,pellentesque.habitant@outlook.couk
Vielka,Hinton,ligula@outlook.ca
Galena,Long,enim.suspendisse@icloud.ca
Brennan,Stout,vestibulum.mauris@outlook.net
Rachel,Brewer,conubia.nostra.per@yahoo.org
Maris,Brady,quam.pellentesque@protonmail.ca
Haviva,Santiago,morbi.tristique@hotmail.net
Honorato,King,nulla@yahoo.com
Octavius,Aguilar,lectus.justo@icloud.couk
Jade,Vargas,vivamus@icloud.org
Willa,Soto,orci.quis@yahoo.net
Ezekiel,Bowen,dui.in@yahoo.com
Jordan,Townsend,risus.donec@icloud.org
Ina,Fischer,interdum.curabitur@outlook.org
Megan,Duncan,non.ante.bibendum@icloud.com
Leo,Mclean,aliquam.vulputate@hotmail.ca
Chava,Odom,pellentesque.a.facilisis@aol.org
Alexander,Santana,nonummy@yahoo.edu
Lesley,Russo,erat.semper.rutrum@hotmail.edu
Dante,Hays,leo.morbi@outlook.couk
Louis,Hopkins,mauris.integer.sem@aol.com
Graham,Pace,neque.in@hotmail.com
Thane,Blackburn,sed.orci.lobortis@google.ca
Diana,Mejia,eros.nec@protonmail.com
Kylynn,Dennis,libero.at@hotmail.ca
Wanda,Hester,tellus.non@google.couk
Zephania,Jimenez,dolor.dolor@protonmail.ca
Nicholas,Sargent,in.cursus@yahoo.org
Aphrodite,Shaw,nunc.quisque@outlook.edu
Christine,Guerra,cursus.vestibulum.mauris@yahoo.net
Steven,Mckee,libero.proin@aol.ca
Rhoda,Vazquez,mus.proin@hotmail.couk
Mari,Kim,ullamcorper.magna@yahoo.com
Wynter,Perez,mattis.ornare@outlook.ca
Rama,Wilcox,tortor@icloud.couk
Cally,Oneal,vel.pede@icloud.ca
Patience,Hurley,amet.dapibus.id@aol.org
Elmo,Ferrell,eu@hotmail.couk
Gemma,Mathis,odio.vel@outlook.edu
Tate,Mcpherson,inceptos.hymenaeos.mauris@outlook.net
Bradley,Blanchard,nec.ante@google.org
Cade,Stanton,a.mi@aol.ca
Brynn,Curry,sit.amet@icloud.edu
Autumn,Vasquez,parturient.montes@yahoo.ca
Blythe,Vega,mauris@icloud.org
Susan,Hardin,sit.amet@protonmail.edu
Charde,Ford,luctus@google.com
Timothy,Fields,euismod.et@protonmail.ca
Jeremy,Dean,ornare@yahoo.couk
Sawyer,Holland,diam.sed.diam@outlook.net
Noelani,Hendrix,urna@aol.ca
Rhoda,Beck,leo.in.lobortis@aol.com
Holly,Skinner,velit.in@protonmail.com
Leah,Noel,primis.in@aol.ca
Maya,Waller,euismod.in@protonmail.org
Austin,Chan,tristique@hotmail.edu
Nehru,Galloway,egestas.sed@google.org
Vivien,Ellison,augue.eu@protonmail.com
Molly,Rutledge,ante@yahoo.org
Robert,Orr,velit.cras@hotmail.couk
Martin,Cervantes,lobortis.class@yahoo.net
Fuller,Moran,gravida.praesent@hotmail.edu
Ivor,Meadows,semper.auctor@outlook.net
Austin,Giles,orci@icloud.org
Vera,Ingram,dictum@google.net
Florence,Montoya,morbi@protonmail.com
Breanna,Mitchell,curae@google.ca
Walter,Riggs,libero.integer.in@icloud.ca
Clayton,Rivas,elit.curabitur@outlook.org
Meghan,Hill,nec.mauris@outlook.net
Remedios,Rowland,et.magnis@aol.net
Merrill,Norman,sit@aol.org
Ila,Brewer,et.ipsum@google.com
Rashad,Sparks,nisi.aenean@aol.ca
Courtney,Brock,arcu.nunc@icloud.ca
Odessa,Avery,nisl.nulla.eu@google.net
Rudyard,Foreman,lacinia.mattis.integer@icloud.net
Lyle,Pruitt,eros@protonmail.edu
Malachi,Wynn,vivamus@outlook.com
Mari,Fernandez,a@protonmail.org
Ivy,Chambers,rhoncus.nullam@yahoo.net
Yuri,Burke,et@hotmail.couk
Robert,Higgins,aliquam@aol.org
Tatum,Duffy,donec.felis@outlook.edu
Grady,Hensley,scelerisque@aol.net
Lars,Cohen,nibh.vulputate@google.org
Adrian,Mayo,nunc.sed@outlook.org
Tanek,Mercer,sapien.aenean.massa@google.com
Kermit,Pruitt,dui@google.net
Kermit,Herrera,tincidunt.nunc.ac@yahoo.couk
Lucius,Hickman,et.risus@protonmail.com
Julian,Head,fringilla.porttitor@protonmail.edu
Blossom,Moody,parturient.montes@protonmail.ca
Serena,Bush,penatibus.et@aol.ca
Thomas,Mckenzie,bibendum.fermentum@protonmail.couk
Jesse,Hamilton,integer.mollis@aol.edu
Nichole,Orr,egestas.fusce@yahoo.ca
Josiah,Moon,auctor@hotmail.edu
Valentine,Massey,eget.magna.suspendisse@outlook.edu
Nolan,Cochran,rutrum.justo@aol.ca
Selma,Lawson,sed.dolor.fusce@yahoo.org
Indira,Calhoun,libero.donec@google.net
Solomon,Ashley,erat@yahoo.couk
Sawyer,Yates,tristique.pharetra.quisque@yahoo.edu
Lani,Humphrey,ligula.aenean.euismod@hotmail.edu
Ursula,Bonner,tempus.eu.ligula@protonmail.ca
Paloma,England,risus.quisque.libero@yahoo.edu
Myra,Rodgers,eros.proin@google.edu
Macon,Moran,aliquet@google.com
Bell,Rich,arcu.nunc.mauris@icloud.org
Palmer,Ross,at@protonmail.com
Indira,Weeks,quis.turpis.vitae@outlook.ca
Bethany,Rodriguez,morbi@protonmail.net
August,Bender,luctus.sit.amet@icloud.couk
Olga,Hyde,nam.tempor@icloud.org
Ashton,Gillespie,aliquet.sem.ut@icloud.net
Alfreda,Levine,malesuada.malesuada@yahoo.edu
Baker,Jimenez,mauris.a@protonmail.edu
Patricia,Odom,imperdiet.non.vestibulum@aol.org
Sydnee,Mcfadden,a.neque.nullam@google.net
Carl,Paul,erat@protonmail.edu
Shelby,Barry,egestas@outlook.ca
Burton,Richardson,molestie.in@outlook.com
Chastity,Cain,velit@google.net
Elliott,Rivers,amet.diam@google.edu
Genevieve,Green,cras.vulputate@icloud.couk
Phoebe,West,a.neque@outlook.org
Holmes,Rasmussen,dui@aol.edu
Joan,Meyer,vestibulum.accumsan@yahoo.couk
Shaine,Ramsey,amet.orci.ut@aol.edu
Brenna,Lynch,eros.nec@protonmail.org
Buckminster,Morales,mi.tempor.lorem@hotmail.couk
Fitzgerald,Stokes,quam.a@protonmail.couk
Jacqueline,Kirkland,egestas@protonmail.ca
Lamar,Chandler,vitae.semper.egestas@hotmail.couk
Mary,Stevens,cursus@hotmail.ca
Valentine,Fitzpatrick,tortor@aol.couk
Teegan,Grant,nisl.quisque.fringilla@hotmail.ca
Buckminster,Britt,diam.duis@icloud.net
Charde,Vargas,vel@aol.ca
Kato,Hahn,proin.nisl.sem@outlook.edu
Abraham,Richard,leo.cras.vehicula@icloud.ca
Shelley,Armstrong,magna.praesent.interdum@aol.net
Mona,Morris,erat@hotmail.net
Philip,Blanchard,ac.tellus@protonmail.org
Sydnee,Pacheco,nulla.semper@hotmail.edu
Pamela,Carpenter,ac.feugiat@hotmail.org
Hermione,Winters,non.leo.vivamus@protonmail.edu
Kenneth,Stanley,nullam.scelerisque.neque@google.ca
Whoopi,Noel,tempus.eu.ligula@icloud.edu
Emerson,Daugherty,nulla.integer@protonmail.net
Cynthia,Mcfadden,velit.eu.sem@google.net
Ginger,Mcclain,mauris.integer@aol.net
Ann,Richard,dictum.phasellus@icloud.couk
Rhonda,Owen,arcu@icloud.ca
Xavier,Cox,integer@aol.org
Dillon,Reynolds,libero.proin@google.com
Iola,Mathis,sem.magna@hotmail.edu
Kay,Patton,aliquet.lobortis@aol.edu
Hilary,Stout,in.dolor@aol.edu
Prescott,Duffy,faucibus.orci@hotmail.com
Cheyenne,Miranda,fringilla.purus@hotmail.net
Kay,Holmes,eu.neque@outlook.ca
Claudia,Chang,tellus.imperdiet@hotmail.org
Zelenia,Bowman,elit.curabitur@aol.couk
Tasha,Chang,purus.sapien@protonmail.com
Derek,Rowe,enim.diam@yahoo.couk
Brian,Sanders,consectetuer.ipsum.nunc@icloud.com
Noelle,Colon,proin.vel.nisl@aol.couk
Davis,Justice,dolor.elit@google.net
Micah,Mendoza,fringilla@icloud.net
Zane,Sharpe,dolor.dolor.tempus@aol.edu
Alice,Garrett,ullamcorper.magna@google.ca
Baker,Zimmerman,erat@protonmail.org
Burke,Watts,aliquet@outlook.ca
Christian,Clay,ornare@aol.edu
Ethan,Manning,condimentum.eget.volutpat@google.org
Herman,Christian,sagittis.lobortis@outlook.couk
Hamilton,Reese,non.enim@icloud.ca
Uriah,Sheppard,non.luctus.sit@hotmail.com
Carissa,Horton,sit.amet@google.couk
Deborah,Salinas,nullam.enim@icloud.couk
Brittany,Fernandez,gravida.sit@yahoo.com
Amal,Woods,dictum@aol.ca
Briar,Goff,mus.proin.vel@protonmail.net
Regan,Mercer,erat.volutpat@icloud.ca
Keelie,Macias,sit.amet@yahoo.edu
Aquila,O'connor,senectus.et@hotmail.net
Ivan,Vaughan,aliquet.libero@hotmail.org
Shana,Garrison,fringilla.est@google.edu
Nita,Gallagher,nec@google.com
Nicholas,Thompson,in.scelerisque@protonmail.edu
Macaulay,Ross,mauris@icloud.couk
Kirk,Hart,aliquam.adipiscing.lobortis@outlook.couk
Zenia,Park,ac@protonmail.net
Blossom,Woods,eros@google.org
Vera,Edwards,urna.ut@icloud.couk
Shelley,Griffith,et.ultrices@outlook.net
Athena,Nieves,cursus.nunc@icloud.edu
Channing,Bailey,aliquam.gravida.mauris@outlook.ca
Joel,Carr,proin@outlook.net
Marah,Dudley,sagittis.lobortis.mauris@outlook.net
Uriel,King,adipiscing@google.couk
Angelica,Colon,nulla.tincidunt.neque@yahoo.org
Salvador,Alford,mollis@icloud.ca
Destiny,Sparks,molestie.dapibus.ligula@google.edu
Phillip,Lee,et@protonmail.ca
Maris,Barton,et.arcu@protonmail.ca
Aaron,David,mauris@protonmail.ca
Barbara,Justice,lobortis.tellus@google.org
Halla,Rosario,phasellus.dapibus@google.ca
Leslie,Lucas,orci.ut@icloud.net
Kuame,Wiggins,massa.rutrum.magna@outlook.net
Wyatt,Myers,facilisis.lorem@protonmail.ca
Nichole,Mercer,risus.morbi.metus@aol.org
Bruno,Dale,placerat.orci@yahoo.net
Chase,Long,rutrum.justo@aol.org
Wayne,Foley,volutpat.ornare@hotmail.org
Oren,Burns,commodo.ipsum@yahoo.couk
Xena,Madden,erat.eget@outlook.com
Rinah,Tucker,ante.lectus.convallis@aol.couk
Caldwell,Bradford,auctor.non@protonmail.net
Juliet,Gibbs,a.felis@hotmail.ca
Steel,Waller,nibh.aliquam@icloud.couk
Elizabeth,Monroe,ornare.fusce@yahoo.couk
Erica,Hurst,maecenas.mi.felis@hotmail.edu
Rana,Trevino,gravida.mauris@hotmail.com
Kirsten,Burton,enim.etiam@google.ca
Scarlett,Pacheco,cursus@yahoo.com
Freya,Leach,erat@aol.couk
Kennedy,Alston,sit.amet.dapibus@google.edu
Zachary,Hill,lectus.sit.amet@yahoo.com
Cedric,Guerra,cras.dolor.dolor@google.com
Maryam,Kramer,id.erat@protonmail.ca
Ursa,Pittman,ante.dictum@icloud.org
Ezra,Bass,neque@protonmail.net
Rose,Cleveland,ipsum.suspendisse@outlook.edu
Cassady,Holloway,adipiscing@google.edu
Evangeline,Sears,id.enim@google.ca
Mikayla,Watson,semper.auctor.mauris@protonmail.com
Neville,Christian,dapibus.gravida.aliquam@google.edu
Kasimir,Willis,gravida.sit.amet@outlook.couk
Harrison,Whitaker,egestas.nunc@protonmail.org
Zoe,Johnston,eget.lacus.mauris@yahoo.org
Dara,Pruitt,maecenas.iaculis@hotmail.couk
Julian,Hebert,elit.sed.consequat@protonmail.edu
Britanney,Mccarthy,tempus.risus@hotmail.com
Oleg,Alvarado,mi.tempor@yahoo.ca
Scarlet,Miles,est.mollis@hotmail.com
Breanna,Branch,est@aol.com
Ava,Pierce,vitae.mauris@aol.ca
Orli,Horne,vivamus.nisi@yahoo.net
Kitra,Kemp,lobortis.ultrices@yahoo.ca
Macaulay,Singleton,luctus.sit@aol.ca
Bo,Bender,nunc.lectus@protonmail.org
Isabelle,Lowe,sed@protonmail.net
Levi,Le,magna@yahoo.edu
September,Hodges,lorem.ipsum.dolor@hotmail.ca
Conan,Faulkner,id@hotmail.ca
Kirby,Mcbride,pharetra.sed@google.net
Forrest,Robbins,non.enim@icloud.couk
Jordan,Sweeney,integer.sem@aol.net
Prescott,Robertson,lacinia.at@google.org
Myles,Madden,euismod.et@hotmail.couk
Keith,Barrett,tincidunt.orci.quis@hotmail.org
Eagan,Bartlett,blandit.at@aol.org
Gareth,Ruiz,pellentesque.ut.ipsum@outlook.edu
Marvin,Tyler,quisque.tincidunt.pede@protonmail.ca
Stephanie,Terry,quis.urna@hotmail.ca
Tana,Walls,amet.consectetuer@yahoo.ca
Carter,Spears,nec.diam@yahoo.couk
Regina,Shaffer,mauris.integer@hotmail.edu
Jenette,Skinner,fusce.mi@yahoo.com
Mira,Rivas,ornare.lectus@google.edu
Barrett,Kaufman,massa.lobortis.ultrices@hotmail.edu
Owen,Randolph,quisque@icloud.ca
Beck,Booth,vel.pede@yahoo.edu
Adrian,Stephens,nunc.laoreet.lectus@hotmail.edu
Sade,Logan,dolor.fusce.mi@outlook.couk
Abel,Newman,porttitor.eros.nec@outlook.ca
Gregory,Franklin,mauris@google.couk
Basia,Hanson,sed.dolor.fusce@protonmail.com
Malachi,Bell,nam@protonmail.couk
Zia,Battle,at@aol.org
Garrison,Justice,consequat.dolor@aol.net
Scarlett,Taylor,mauris.eu.elit@icloud.edu
Sheila,Combs,nisi.sem.semper@outlook.ca
Macaulay,Beasley,tristique.senectus@yahoo.edu
Lance,Kennedy,mollis@hotmail.net
Aspen,Warren,quisque.nonummy@aol.org
Chloe,Bullock,ornare.egestas@yahoo.couk
Roanna,Perez,neque.nullam.ut@outlook.com
Kiayada,Weeks,feugiat.placerat@protonmail.ca
Ayanna,Gilliam,nulla.eget.metus@yahoo.net
Phoebe,Chandler,sociis.natoque@yahoo.ca
Burke,Dalton,enim.mi@outlook.net
Karleigh,Durham,neque.tellus.imperdiet@aol.edu
Tyrone,Whitley,mauris.molestie.pharetra@google.net
Cassady,Berry,egestas.a@icloud.net
Abraham,Ayala,praesent.eu@protonmail.com
Chava,Rios,ipsum@google.ca
Katell,Duran,laoreet.libero@aol.couk
Kirby,Townsend,tincidunt.vehicula.risus@google.net
Drake,Ashley,mollis.phasellus.libero@protonmail.ca
Keaton,Nash,lorem@yahoo.net
Yoshi,Kirkland,blandit@protonmail.couk
Jenette,King,vivamus.sit@hotmail.org
Malachi,Rios,ligula@aol.com
Daryl,Ingram,maecenas.mi@outlook.org
Nasim,Kirk,semper.erat.in@outlook.ca
Diana,Beach,eleifend.nunc@protonmail.net
Lionel,Franco,est.mauris@aol.ca
Leila,Silva,nibh.lacinia.orci@google.org
Shana,Barnes,nec.ligula@google.org
Rudyard,Bowers,orci.lacus.vestibulum@google.org
Wallace,Greer,lectus.justo@icloud.ca
Bethany,Beard,mattis@hotmail.com
Freya,Reeves,tristique.neque@yahoo.net
Wing,Barton,felis.ullamcorper@hotmail.net
Travis,Glover,non.hendrerit@outlook.couk
May,Fuentes,aenean@icloud.ca
Jolene,Nelson,ante@hotmail.edu
Yasir,Parsons,tempus@google.couk
Melvin,Long,consectetuer.euismod.est@icloud.edu
Madeson,Mullins,nec.orci@google.com
Joshua,Bass,nunc.sollicitudin.commodo@google.com
Howard,Dunn,enim.nunc.ut@hotmail.couk
Elmo,Rosales,aliquet.nec.imperdiet@yahoo.edu
Alvin,Leonard,lectus.pede@google.net
Lucian,Vasquez,bibendum@google.com
Camden,Cross,amet.consectetuer@aol.ca
Jelani,Fields,purus.sapien.gravida@icloud.org
Chandler,Bryan,orci.consectetuer@aol.org
Noelani,Parks,proin.vel@hotmail.couk
Christen,Warren,ipsum.dolor.sit@icloud.edu
Aileen,Frank,aliquam.adipiscing@yahoo.net
Tana,Richard,nunc@aol.net
Rhoda,Frost,proin.nisl@hotmail.ca
Lionel,Rodriquez,laoreet@hotmail.ca
Dahlia,Rojas,vivamus@aol.ca
Brenden,Emerson,nisi.magna@yahoo.couk
Grant,Bradford,semper.egestas@protonmail.com
Alec,Marshall,sed.pede@protonmail.org
Jaden,Underwood,integer@icloud.ca
Griffith,Vega,diam.pellentesque@protonmail.edu
Kaye,Kelley,tincidunt.nunc.ac@outlook.couk
Ivy,Booth,arcu.eu@hotmail.edu
Justin,Cummings,parturient@aol.edu
Xanthus,Hardin,ultrices.posuere@protonmail.ca
Joelle,Becker,rutrum.magna.cras@protonmail.net
Kenyon,Delgado,neque.sed@yahoo.edu
Baxter,Hurst,euismod.enim.etiam@outlook.edu
Halla,Walsh,mi.fringilla@icloud.couk
Carlos,Moreno,ante.maecenas.mi@hotmail.ca
Sharon,Barber,consequat.lectus@yahoo.org
Zephania,Cooper,arcu@protonmail.ca
Galvin,Clay,mauris@protonmail.edu
Nehru,Cervantes,dolor.fusce.mi@outlook.com
Norman,Vasquez,ut.nisi@outlook.edu
Samantha,Kline,et.pede@protonmail.com
Evelyn,Palmer,ultrices.sit@protonmail.com
Phelan,Cochran,purus.nullam@google.couk
Georgia,Kelley,rutrum.justo@protonmail.org
Mari,Calderon,ut.erat@yahoo.couk
Dana,Maddox,ante.ipsum@outlook.net
Camden,Murray,cras.dolor@yahoo.couk
Wyatt,Brock,auctor.ullamcorper@google.net
Wyatt,Donovan,lectus@outlook.net
Violet,Todd,orci.tincidunt@google.com
Ciaran,Mcgee,malesuada.vel@icloud.ca
Amery,Faulkner,adipiscing.mauris@hotmail.org
Nichole,Black,nunc.mauris@yahoo.edu
Orson,Hawkins,lectus@hotmail.couk
Indira,Santana,ultricies.dignissim@outlook.net
Jared,Dixon,per.inceptos.hymenaeos@yahoo.couk
Quintessa,Kline,ipsum.leo.elementum@yahoo.com
Chandler,Weber,donec.fringilla@icloud.com
Hilel,Tyler,integer@hotmail.org
Leila,Brooks,nascetur@aol.net
Alvin,Williamson,posuere.vulputate.lacus@outlook.ca
Zachary,Hess,eleifend.egestas@aol.ca
Patricia,Baker,suspendisse.dui@outlook.couk
Francesca,Vazquez,eu.sem@yahoo.com
Igor,Travis,amet.consectetuer@hotmail.org
Hall,Paul,vestibulum.ante@outlook.com
Josephine,Perez,a.malesuada.id@icloud.couk
Yoshio,Nguyen,eget.lacus@icloud.com
Barclay,Craft,ornare.libero.at@google.com
Davis,Terrell,conubia.nostra@google.ca
Ria,Justice,dignissim.pharetra@hotmail.ca
Scott,Cotton,quisque.porttitor.eros@yahoo.couk
Montana,Chavez,commodo@google.ca
Garrett,Clay,proin.vel.arcu@icloud.com
Gwendolyn,Hull,libero.est@icloud.couk
Winter,Pace,orci@yahoo.couk
Eleanor,Blake,eleifend.vitae@aol.com
Kai,Hughes,nibh.phasellus@hotmail.net
Reese,Franco,et.magnis@outlook.couk
Yvette,Conner,duis@yahoo.ca
Eleanor,James,nisl@icloud.edu
Miranda,Horn,non.hendrerit@outlook.com
Lillian,Snider,sed.tortor.integer@google.com
Adrian,Mcpherson,quis@aol.ca
Zeph,Workman,sed.leo@yahoo.net
Kennedy,Mcmahon,enim@hotmail.org
Jenette,Olsen,sodales.at.velit@icloud.com
Anastasia,Little,pellentesque.ut.ipsum@icloud.couk
Russell,Freeman,nullam.velit.dui@icloud.edu
Theodore,Burton,odio.sagittis@icloud.ca
Ingrid,Weber,at.fringilla@google.org
Camille,Lott,mauris.sagittis@yahoo.org
Rigel,Blackburn,diam@protonmail.com
Akeem,Tillman,egestas@google.org
Yvette,Cross,fusce.aliquam@aol.net
Vance,Rose,eget.magna@outlook.couk
Urielle,Gonzales,ut.semper@icloud.couk
Boris,Hutchinson,quisque.purus@yahoo.ca
Violet,Sloan,mi@icloud.net
Colton,Gibbs,dictum@protonmail.couk
Samson,Adams,elit.pretium@icloud.edu
Drake,Macdonald,enim.suspendisse.aliquet@aol.edu
Bruno,Kane,ornare.tortor@yahoo.org
Conan,Campbell,et.eros.proin@yahoo.couk
Bruce,Richard,est.nunc@protonmail.couk
Xena,Bishop,cras.dolor@hotmail.org
Katelyn,Astra,commodo.tincidunt@hotmail.edu
Serina,Odessa,mi.eleifend@protonmail.couk
Naida,Kyle,suspendisse.tristique.neque@hotmail.couk
Harriet,Urielle,quisque.tincidunt@google.couk
Xandra,Miranda,fames.ac@google.couk
Kathleen,Alexandra,accumsan.laoreet.ipsum@google.couk
Rina,Shoshana,donec.fringilla@outlook.org
Aiko,Evan,eu.augue.porttitor@aol.ca
Margaret,Eugenia,magna.nec@icloud.com
Rowan,Colleen,elit.etiam@yahoo.couk
Brianna,Noelle,sed.eget@aol.com
Libby,Ralph,at.nisi@yahoo.org
Kirsten,Driscoll,curabitur@protonmail.com
Nayda,Iona,purus.gravida@protonmail.edu
Brittany,Blake,varius.ultrices.mauris@google.com
Alana,Ori,maecenas.iaculis@protonmail.org
Callie,Maisie,montes.nascetur.ridiculus@icloud.couk
Maggy,Jada,augue.ut@aol.com
Shay,Salvador,et.commodo@hotmail.org
Buffy,Cooper,faucibus.id@hotmail.net
Ignacia,Jolene,sed.turpis.nec@google.edu
Mikayla,Cassady,nostra.per@google.com
Erin,Cedric,tristique.neque@outlook.couk
Xyla,Briar,mauris.nulla.integer@hotmail.com
Macey,Cole,condimentum.donec@protonmail.couk
Tara,Maxine,eu@yahoo.couk
Kristen,Alvin,purus.mauris.a@yahoo.org
Signe,MacKensie,leo.cras@google.edu
Paloma,Hermione,consectetuer@icloud.couk
Kelly,Jasmine,consectetuer.cursus@protonmail.couk
Paula,Ila,dapibus.quam.quis@outlook.com
Dominique,Joan,sit.amet@google.couk
Janna,Arden,suspendisse.sagittis@protonmail.couk
Olga,Shay,tortor.nibh@aol.couk
Winifred,Rose,tempor.erat.neque@protonmail.edu
Zia,Pearl,est.mauris@hotmail.net
Sophia,Leroy,condimentum@hotmail.couk
Chantale,Oscar,lobortis.quis.pede@aol.couk
Audrey,Heidi,lorem@icloud.org
Maris,Cody,risus.donec@aol.couk
Aurora,Quamar,nullam@google.net
Joelle,Amelia,nibh.aliquam@outlook.org
Medge,Roth,est.arcu.ac@hotmail.ca
Joelle,Charles,libero.lacus.varius@aol.edu
Venus,Carson,nec.cursus@google.org
Kevyn,Carl,et.rutrum@protonmail.ca
Caryn,Holly,morbi.non@aol.edu
Gemma,Audra,malesuada.malesuada@aol.org
Amethyst,Elvis,lacus@outlook.edu
Christen,Miriam,donec.at@outlook.couk
Hannah,Timothy,quam.quis@hotmail.ca
Maia,Kristen,enim.nisl.elementum@outlook.couk
Carolyn,Thaddeus,natoque.penatibus.et@hotmail.edu
Bo,Sarah,vitae.erat@hotmail.net
Jada,Devin,a.arcu@google.ca
Justine,Buffy,eleifend.vitae@google.org
Lucy,Abra,eget.metus@google.ca
Macy,Melinda,orci.luctus@protonmail.com
Azalia,Nash,purus.sapien.gravida@outlook.org
Clio,Bree,sem.elit@aol.edu
Selma,Erasmus,lorem.luctus@hotmail.ca
Francesca,Abigail,dui.suspendisse@google.org
Venus,Lance,ut.mi@aol.couk
Rae,Farrah,arcu@google.ca
Abra,Henry,arcu.vestibulum@google.net
Eugenia,Vincent,elit.aliquam.auctor@icloud.net
Judith,Wing,nec.euismod@outlook.ca
Halee,Kimberly,duis.mi@protonmail.com
Martina,Kai,enim.non@aol.ca
Grace,Cathleen,a.nunc@protonmail.org
Ursa,Wing,non.lobortis.quis@hotmail.net
Holly,Athena,dignissim.lacus@protonmail.com
Mira,Asher,turpis.egestas.fusce@protonmail.org
India,Stuart,ultrices.posuere@google.edu
Melyssa,Riley,semper.cursus@aol.net
Noelle,Clare,nec.ante@outlook.edu
Emi,Michael,nec.urna@outlook.com
Kylee,Ina,consequat.lectus@protonmail.org
Gisela,Arden,cras.vulputate@yahoo.com
Belle,Samuel,porttitor@outlook.ca
Deirdre,Keegan,ornare.libero.at@hotmail.net
Serina,Gareth,scelerisque@outlook.com
Shelly,Gannon,montes.nascetur@aol.com
Cameran,Sonya,integer.urna@yahoo.couk
Cynthia,Colton,lacinia.vitae.sodales@google.net
Germane,Adena,leo.vivamus.nibh@aol.com
Wyoming,Blythe,eu@google.net
Courtney,Ira,montes.nascetur@outlook.net
Meghan,Randall,sed@google.edu
Amy,Yuli,et.tristique.pellentesque@yahoo.edu
Kimberly,Anthony,suspendisse@aol.couk
Dacey,Raymond,luctus@outlook.org
Hollee,Hannah,mauris@outlook.ca
Doris,Zeus,maecenas.ornare@icloud.couk
Ima,Hedy,in@protonmail.org
Cameron,Lael,integer.vulputate@yahoo.org
Hannah,Idona,nunc.commodo.auctor@hotmail.net
Dahlia,Zelenia,eu.placerat@outlook.ca
Maia,Walter,nunc.quis@aol.couk
Rhonda,Jade,urna.nec.luctus@outlook.couk
Blythe,Ginger,mollis.dui@protonmail.edu
Callie,Jasmine,lobortis.risus@yahoo.ca
Carol,Dacey,morbi.quis.urna@icloud.edu
Dana,Evangeline,ullamcorper.nisl.arcu@aol.net
Deanna,Davis,non@icloud.net
Rana,Kessie,eget@yahoo.edu
Alyssa,Patrick,facilisi.sed@yahoo.org
Daryl,Deborah,semper.auctor@outlook.edu
Illiana,Yen,at.nisi@icloud.net
Kaitlin,Solomon,magna@protonmail.edu
Avye,Ora,et@aol.edu
Teagan,Nolan,libero.integer.in@outlook.net
Felicia,Keelie,sit@protonmail.couk
Charlotte,Hoyt,aliquam.arcu.aliquam@protonmail.com
Whilemina,Constance,tincidunt.vehicula.risus@outlook.com
Brittany,Simon,ultrices@icloud.ca
Kimberley,Yasir,ut.sem@icloud.net
Felicia,Jade,montes.nascetur@yahoo.org
Buffy,Grace,nulla@aol.edu
Quemby,Ocean,sed@google.couk
Lilah,Violet,sollicitudin.commodo.ipsum@hotmail.edu
Amy,India,lacus.ut@aol.edu
Leah,Dahlia,nullam.vitae@hotmail.edu
Zena,Ira,quam.a@aol.net
Bo,William,ornare@outlook.org
Jasmine,Ulla,magnis.dis.parturient@outlook.couk
Tanisha,Colt,sed.facilisis@google.com
Zena,Barbara,cubilia.curae.donec@aol.ca
Emi,Gillian,metus.aenean@icloud.net
Jacqueline,Lenore,ipsum.primis.in@hotmail.com
Elizabeth,Imani,at.lacus@hotmail.net
Jillian,Yoshio,in@aol.org
Leah,Martha,donec.tempor@hotmail.net
Mona,Keely,aliquam.ornare@icloud.net
Judith,Evangeline,dolor@protonmail.com
Alexandra,Len,cum.sociis@google.couk
Meredith,Yoko,nostra.per@outlook.net
Astra,Warren,aliquam.erat@outlook.org
Xandra,Melodie,aliquet.odio@outlook.ca
Kerry,Anthony,penatibus@icloud.org
Uma,Ulric,non@icloud.couk
Cara,MacKenzie,semper.pretium@google.org
Ann,Hermione,sed.neque@google.org
Aileen,Eagan,pede.praesent@hotmail.edu
Angelica,Quin,euismod.ac@icloud.net
Jacqueline,Leonard,egestas@yahoo.ca
Quon,Jessica,fringilla.porttitor@google.org
Adara,Emma,dictum@protonmail.org
Anjolie,Katell,enim.sit@icloud.org
India,Shea,cum.sociis@protonmail.com
Iola,Tashya,non.massa@hotmail.couk
Justine,Odessa,quis.massa.mauris@outlook.org
Maggie,Abraham,libero.lacus@yahoo.com
Vera,Hilda,augue.id@yahoo.net
Delilah,Flavia,suspendisse.sagittis@hotmail.com
Gwendolyn,Walter,mauris@aol.ca
McKenzie,Summer,semper.pretium.neque@protonmail.net
Ocean,Jackson,arcu@protonmail.edu
Alfreda,Erich,semper@icloud.couk
Jescie,Declan,eu.odio.tristique@icloud.org
Naomi,Wang,aliquet@hotmail.edu
Althea,Rae,metus@google.edu
Athena,Aimee,nonummy@aol.org
Isabella,Katelyn,viverra@hotmail.edu
Adena,Thomas,malesuada@icloud.net
Rowan,Britanney,molestie.tellus.aenean@protonmail.org
Alana,Wesley,fringilla.est@hotmail.edu
Cailin,Claire,lacus@outlook.com
Rae,Thaddeus,ornare.in@protonmail.edu
Brianna,Florence,turpis@google.edu
Xantha,Judah,non.leo@protonmail.net
Nayda,Audra,ultrices.mauris.ipsum@yahoo.couk
Zorita,Vaughan,magna.malesuada.vel@yahoo.edu
Freya,Lee,quis.massa@icloud.org
Elizabeth,Ronan,nec.leo@protonmail.net
Yuri,Kim,integer@aol.com
Tatiana,Kathleen,duis.at@protonmail.com
Ivy,Geoffrey,donec.egestas.duis@hotmail.edu
Yael,Jaden,semper@outlook.edu
Leslie,Remedios,gravida@protonmail.org
Mikayla,Callum,et@google.org
Suki,Rigel,sed@yahoo.com
Maxine,Barry,augue.sed@aol.couk
Catherine,Brady,pede@yahoo.com
Madaline,Nicole,neque.et.nunc@aol.org
Flavia,Fletcher,nulla.semper.tellus@aol.couk
Hyacinth,Ivory,viverra.donec@google.couk
Veda,Angela,porta.elit@outlook.net
Idona,Violet,donec.at@outlook.ca
Shay,Julian,praesent.interdum.ligula@icloud.org
Autumn,Acton,morbi.non@icloud.org
Brynne,Xenos,eros.non.enim@aol.couk
Patience,Hunter,mauris@icloud.net
Aimee,Ivory,habitant.morbi@icloud.edu
Kiara,Yolanda,nunc@aol.org
Ashely,Tad,adipiscing@hotmail.com
Cheryl,Alexander,gravida.non@icloud.couk
Melodie,Florence,cum@aol.org
Shea,Uriah,ultricies.ornare@hotmail.com
Brenda,Karyn,cubilia.curae@icloud.edu
Martena,Gillian,sit.amet@hotmail.org
Xantha,Charissa,eget.volutpat@icloud.com
Angelica,Ifeoma,aliquet.nec@yahoo.org
Carissa,Allen,leo.vivamus@yahoo.org
Neve,Zeph,aenean@yahoo.ca
Rina,Sylvia,duis.a@yahoo.couk
Yoko,Scott,praesent.eu.nulla@icloud.edu
Amethyst,Derek,neque.vitae@hotmail.ca
Maxine,Kameko,nisl.sem@outlook.org
Galena,Ryder,in.faucibus.orci@hotmail.com
Oprah,Kevin,erat@aol.org
Noelle,Olga,est.ac.facilisis@icloud.net
Tara,Kato,eu.arcu@yahoo.ca
Karyn,Brenden,massa@yahoo.ca
Eleanor,Meghan,maecenas.iaculis@yahoo.edu
Jescie,Hedwig,cras@yahoo.couk
Quail,Lars,felis@hotmail.couk
Alexa,Jared,lacinia.at@protonmail.com
Jada,Hamilton,vitae@outlook.com
Kelsey,Nayda,tincidunt.dui.augue@aol.couk
Colette,Camden,eu.tempor@yahoo.net
Nita,Simon,diam.vel@google.couk
Mari,Quemby,risus@aol.ca
Penelope,Griffith,lectus@aol.org
Olympia,Sade,amet@google.couk
Alfreda,Lee,lectus.sit@icloud.couk
Jade,Quynn,amet.consectetuer@protonmail.org
Liberty,Forrest,luctus.vulputate.nisi@hotmail.org
Leila,Quentin,etiam@outlook.net
Sharon,Jonah,in.faucibus@protonmail.org
Petra,Belle,sed.libero.proin@google.net
Gillian,Christopher,pede@protonmail.ca
Jamalia,Noah,sed@protonmail.edu
Gloria,Shelby,suspendisse.commodo@protonmail.com
Hanae,Raja,eu@protonmail.edu
Naomi,Xyla,aliquam.adipiscing@outlook.edu
Xaviera,Rajah,duis.elementum.dui@protonmail.couk
Julie,Belle,et.magnis@protonmail.com
Tamara,Nichole,cras.interdum.nunc@aol.org
Candice,Dorothy,id.enim.curabitur@hotmail.ca
Abigail,Zeph,quis.pede@icloud.ca
Heidi,Melanie,tempus@google.ca
Stacey,Jeremy,sollicitudin@hotmail.org
Imani,Samantha,nisl.arcu.iaculis@outlook.org
Zephr,Alan,sed@protonmail.ca
Ainsley,Sean,amet.ante.vivamus@aol.edu
Gisela,Channing,vel@outlook.ca
Odette,Dacey,sem.vitae@outlook.com
Cheyenne,Alea,vel.est@protonmail.com
Colleen,Ray,malesuada.malesuada.integer@icloud.org
Isadora,Joel,mus.proin.vel@hotmail.net
Basia,Ruth,ut@outlook.ca
Hannah,Jamal,cum@outlook.edu
Rina,Willa,sagittis.nullam@hotmail.net
Leandra,Nora,enim.nisl@outlook.org
Xyla,Nathan,libero.donec@aol.couk
Stacey,Joelle,laoreet@yahoo.org
Maile,Whitney,elit.elit@yahoo.ca
Lavinia,Cynthia,orci.luctus@aol.net
Lael,Melvin,non.ante@aol.org
Buffy,Marshall,dolor.tempus@google.net
Cameran,Serina,orci.phasellus@protonmail.edu
Myra,Aladdin,ante.ipsum.primis@google.ca
Madaline,Reece,luctus.curabitur@yahoo.edu
Zia,Rahim,interdum.libero@protonmail.net
Odessa,Alvin,parturient.montes@google.org
Galena,Sylvester,natoque.penatibus@aol.com
Sade,Perry,erat@google.org
Jenette,Aristotle,nec.diam.duis@outlook.com
Zoe,Raphael,accumsan.sed@yahoo.com
Yael,Denton,sollicitudin.commodo@protonmail.com
Dawn,David,sed.turpis@google.couk
Colleen,Kenneth,magnis.dis.parturient@google.net
Angelica,Colt,ac.sem.ut@aol.couk
Victoria,Halee,non.quam@yahoo.org
Deborah,Rosalyn,sed@google.ca
Claudia,Louis,arcu.sed@protonmail.edu
Regina,Lacota,amet@google.net
Gillian,Hasad,neque.non@hotmail.edu
Blythe,Brielle,pellentesque.a.facilisis@yahoo.couk
Rhoda,Aaron,pede.praesent.eu@yahoo.org
Jessica,Celeste,in.hendrerit@protonmail.ca
Scarlett,Uriah,nam.porttitor@google.org
Kiara,Zahir,ipsum.ac@yahoo.couk
Aurora,Christine,maecenas.mi.felis@icloud.org
Hanae,Len,sodales.purus@yahoo.com
Kerry,Rogan,et.malesuada@yahoo.ca
Myra,Adam,dolor.fusce.mi@aol.edu
Sopoline,Ignacia,orci.in.consequat@hotmail.edu
Dai,Jerry,sociis.natoque@google.net
Shelby,Constance,neque.et.nunc@outlook.couk
Eleanor,Dominique,mattis.semper.dui@outlook.org
Inez,Julie,nulla@outlook.couk
Liberty,Diana,metus.in@yahoo.ca
Keely,Levi,nunc.laoreet.lectus@yahoo.ca
Isabelle,TaShya,tortor.dictum@aol.com
Paloma,Cedric,feugiat@aol.couk
Portia,Olympia,non@protonmail.com
Ina,Mechelle,integer.tincidunt@aol.com
Meghan,Liberty,sed.auctor@protonmail.ca
Iola,Scarlet,ante.maecenas.mi@icloud.edu
Phyllis,Neil,non@aol.couk
Xyla,Rogan,ridiculus@outlook.org
Shoshana,Quemby,quis.accumsan.convallis@protonmail.couk
Elizabeth,Rhona,vitae.semper.egestas@hotmail.net
Rhiannon,Ima,donec.nibh@outlook.net
Fredericka,Dahlia,pede.et@aol.org
Hope,Garth,nec@google.ca
Cecilia,Deacon,cras.dolor.dolor@protonmail.com
Karyn,Moana,varius.et.euismod@hotmail.edu
Jael,Deborah,ligula.aliquam@outlook.ca
Alexis,John,purus.nullam@protonmail.com
Hadley,Kaseem,interdum.enim@outlook.org
Roary,Brynne,eget.odio@icloud.net
Martina,Lyle,et@icloud.com
Jane,Noble,pellentesque.tellus@icloud.couk
Jada,Maile,sapien.gravida.non@hotmail.couk
Kellie,George,urna.nec@yahoo.ca
Guinevere,Aristotle,mauris.ipsum.porta@google.couk
Lee,Alexandra,aliquet.phasellus@aol.org
Aphrodite,Fritz,vulputate@hotmail.ca
Chloe,Yvette,cras.dolor@google.com
Ramona,Pamela,aliquam.ornare@icloud.com
Macey,Austin,non.massa.non@protonmail.couk
Cally,Heidi,montes.nascetur@outlook.edu
Camilla,Virginia,malesuada@yahoo.net
Lael,Isaac,dictum@hotmail.ca
Minerva,Denton,libero.et@google.edu
Dana,Jillian,placerat.orci.lacus@outlook.org
Holly,Lara,pede.ac.urna@protonmail.com
Gay,Emmanuel,et.nunc.quisque@outlook.org
Hollee,Marah,vestibulum.nec.euismod@outlook.net
Yoko,Adrienne,et.magnis.dis@hotmail.com
Janna,Kelly,maecenas.libero@aol.ca
Kellie,Adrienne,ipsum.nunc.id@google.net
Madaline,Geoffrey,turpis@yahoo.edu
Cassandra,Ross,nullam.feugiat.placerat@outlook.couk
Tana,Martin,auctor.mauris@protonmail.ca
Alea,Winter,eu.tempor@protonmail.net
Hanna,Katelyn,cubilia.curae.donec@aol.net
Lareina,Dean,nec.tellus@icloud.org
Macy,Thomas,pede@hotmail.couk
May,Abdul,mi.enim@icloud.edu
Paloma,Latifah,lobortis@yahoo.net
Quintessa,Lacey,felis@yahoo.edu
Aileen,Silas,placerat@aol.net
Daria,Mollie,elementum@outlook.ca
Ivana,Elizabeth,ac.turpis.egestas@outlook.edu
Dorothy,Quinlan,tincidunt.donec@icloud.net
Simone,Noah,nunc.risus@google.edu
Zorita,Clayton,sem.nulla.interdum@google.ca
Imelda,Mary,congue.elit.sed@icloud.ca
Rebecca,Ignacia,dolor.sit@outlook.couk
Bo,Rowan,penatibus.et.magnis@hotmail.net
Lesley,Mary,nec@google.couk
Kitra,Barry,hendrerit.donec@yahoo.edu
Alma,Brian,ultrices@outlook.couk
Mia,Charissa,amet@google.net
Morgan,Wyatt,mauris.eu@yahoo.org
Rhonda,Minerva,nullam.enim@aol.org
Lavinia,Duncan,a.facilisis@aol.net
Emerald,Silas,rutrum.non@yahoo.edu
Bertha,Jelani,neque@icloud.couk
Callie,Murphy,orci.sem@outlook.com
Heather,Jessica,pellentesque.habitant@aol.org
Azalia,Ruby,purus.duis.elementum@yahoo.ca
Xyla,Iliana,ut.sem@google.org
Jolene,Ila,augue@yahoo.com
Larissa,Wallace,lobortis.mauris@google.org
Colette,Wyoming,sed@hotmail.couk
Nell,Price,nunc.pulvinar.arcu@yahoo.net
Melissa,Jena,commodo.ipsum.suspendisse@hotmail.org
Brittany,Abraham,quis.pede@yahoo.net
Candice,Barclay,nisi.mauris@icloud.ca
Gwendolyn,Tad,interdum.feugiat.sed@yahoo.couk
Yen,Derek,id.ante@google.org
Linda,Lamar,molestie@icloud.org
Gemma,Paul,mauris.rhoncus@outlook.com
Serina,Hannah,elementum.sem@google.net
Yael,Irma,duis.risus@hotmail.com
Gillian,Ross,ornare.lectus@hotmail.couk
Winter,Jena,vel@aol.net
Zena,Simone,orci.luctus@google.net
Brenda,Adrian,luctus.vulputate@yahoo.com
Dana,Selma,est.nunc@icloud.com
Brynn,Madison,pede.nonummy.ut@hotmail.couk
Mira,Charlotte,sed.pede@outlook.edu
Chastity,Risa,pharetra.felis@google.edu
Uma,Vladimir,augue.ac@google.org
Cara,Dennis,enim.nec@protonmail.couk
Francesca,Slade,lectus.a@protonmail.com
Keely,Alfonso,diam.nunc.ullamcorper@protonmail.ca
Jena,Samantha,eget.odio@outlook.org
Sacha,Chanda,enim.nec@hotmail.edu
Amanda,Macaulay,donec.vitae.erat@google.edu
Sade,Eleanor,luctus.ut.pellentesque@protonmail.com
Barbara,Chanda,et@aol.ca
Shelly,Zia,ornare@icloud.couk
Noelle,Clarke,dolor.dolor@hotmail.ca
Xena,Wynne,phasellus.libero@outlook.ca
Kameko,Jacob,faucibus@yahoo.couk
Michelle,Sigourney,quis.diam.luctus@yahoo.edu
Tana,Noble,non.lorem@protonmail.ca
Mikayla,Davis,augue.id@yahoo.com
Inga,Carl,lorem.eget@hotmail.ca
Alyssa,Clare,nonummy.ut.molestie@yahoo.org
Cassady,Madison,est.vitae@outlook.org
Joan,Matthew,quisque@hotmail.ca
Mollie,Winter,non.cursus.non@icloud.couk
Suki,Cruz,mauris@yahoo.couk
Tasha,Gannon,bibendum.donec@aol.com
Riley,Maris,semper.dui.lectus@protonmail.ca
Quyn,Christine,vulputate@protonmail.net
Giselle,Lucas,vitae@hotmail.org
Macey,Nolan,ligula@protonmail.ca
Madison,Jaquelyn,lorem.auctor@protonmail.com
Noel,Desiree,etiam@aol.com
Tamara,Janna,purus.accumsan@hotmail.ca
Quail,Shannon,a.enim@aol.couk
Isabella,Charlotte,libero.nec@hotmail.edu
Deborah,Brody,cum.sociis@protonmail.couk
Roanna,Trevor,cras.vulputate@outlook.couk
Ciara,Davis,rutrum.justo@protonmail.edu
Kitra,Farrah,sem.ut@yahoo.com
Halee,Valentine,varius.nam.porttitor@outlook.ca
Hedwig,Oleg,ipsum.nunc@aol.ca
Sydnee,Xyla,diam.proin.dolor@google.com
Sonya,Patricia,eleifend.cras@protonmail.couk
Astra,Leah,consectetuer.ipsum@protonmail.couk
Quintessa,Kasper,leo.in@yahoo.net
Galena,Gemma,interdum.ligula@outlook.edu
Martha,Gabriel,mi@google.couk
Nina,Kareem,nulla@protonmail.ca
Phoebe,Naida,dui.semper@outlook.com
Zephr,MacKensie,mollis.vitae.posuere@outlook.net
Gisela,Ori,ipsum.non@aol.org
Susan,Willa,sed.et.libero@hotmail.edu
Xantha,Cruz,nullam.feugiat.placerat@google.couk
Stephanie,TaShya,fusce@google.ca
Lareina,Clarke,diam.nunc@outlook.com
Bree,Matthew,sit.amet@yahoo.com
Brynn,Hedley,curabitur@google.com
Kameko,Allistair,ridiculus.mus.proin@outlook.edu
Uma,Hedda,donec.egestas@aol.org
Emerald,Mason,donec.luctus@protonmail.net
Urielle,Dai,amet.lorem@protonmail.net
Abra,Justine,vel@google.ca
Adele,Britanni,vel.pede.blandit@google.edu
Remedios,Gannon,aliquam.rutrum@google.com
Jessamine,Pandora,augue@google.ca
Gail,Kato,pellentesque@protonmail.edu
Xyla,Xandra,donec.consectetuer@icloud.edu
Cara,Lillian,ac.risus@yahoo.ca
Dai,Allegra,arcu.sed@protonmail.com
Chastity,Rahim,pharetra.quisque@hotmail.edu
Nevada,Duncan,nibh.aliquam@icloud.net
Winifred,Kameko,non.dapibus.rutrum@icloud.edu
Moana,Cade,a.felis.ullamcorper@aol.com
Avye,Tatiana,sed.hendrerit.a@outlook.couk
Evangeline,Quemby,condimentum.donec@aol.com
Neve,Berk,justo.proin@outlook.com
Gemma,Emmanuel,ut@outlook.org
Ivory,Alfreda,tincidunt@outlook.couk
Alana,Jordan,in.magna@protonmail.couk
Britanni,Stewart,lacinia.orci@aol.com
Jessica,Amy,non.hendrerit@hotmail.net
Christine,Azalia,ornare.facilisis@google.ca
Amber,Charde,turpis@outlook.net
Kelsie,Colorado,pede.sagittis.augue@hotmail.couk
Sierra,Brennan,nisi.cum@outlook.ca
Macy,Reece,et.arcu.imperdiet@aol.edu
Velma,Omar,nec@outlook.org
Sophia,Maile,faucibus.leo@aol.edu
Alexis,Tanisha,donec@protonmail.org
Madonna,Wade,porttitor@google.couk
Leilani,Rudyard,accumsan.laoreet.ipsum@icloud.couk
Natalie,Shellie,auctor.mauris.vel@protonmail.com
Cheryl,Lyle,phasellus.in@protonmail.ca
Vanna,Bell,cras@google.com
Mariko,Lance,metus@icloud.org
Chiquita,May,tincidunt.nibh.phasellus@hotmail.edu
Maite,Ifeoma,tellus@icloud.com
Cassandra,Brandon,fringilla.est@icloud.couk
Selma,Inga,accumsan.convallis@hotmail.org
Juliet,Maile,nulla.cras@hotmail.org
Uma,Hakeem,sit@hotmail.edu
Madaline,John,sodales.purus.in@google.couk
Kimberley,Sonya,non.sapien@yahoo.edu
Olympia,Sage,elit@icloud.edu
Xena,Jaime,ornare@yahoo.edu
Riley,Alexis,non.sapien@icloud.net
Simone,Solomon,tempus.eu@yahoo.com
Wyoming,Cyrus,ullamcorper@icloud.net
Tatiana,Walker,diam.dictum@icloud.net
Lynn,Moana,diam.luctus.lobortis@aol.couk
Lacota,Macaulay,ac.mattis@hotmail.org
Amy,Jaquelyn,pellentesque.ut@hotmail.edu
Melinda,Lysandra,turpis.non@yahoo.couk
Ariana,Hall,malesuada@protonmail.org
Mariam,Harrison,pulvinar.arcu.et@aol.net
Mayer,Kirby,tempus.non@google.ca
Lewis,Aretha,vitae@outlook.net
Neal,Fitzgerald,nulla.tempor@icloud.org
Mcclain,Brendan,purus.accumsan@yahoo.com
Mckinney,Buckminster,vestibulum.ante@outlook.ca
Phillips,Clinton,nunc.sed@protonmail.org
Baird,Ivy,non@outlook.edu
Lindsay,Oleg,orci@google.couk
Montgomery,Ezekiel,placerat.augue.sed@google.ca
Haley,Kenneth,facilisis@protonmail.net
Ball,Mona,iaculis@outlook.org
Cooke,Constance,accumsan.laoreet@icloud.ca
Ayala,Claire,risus@aol.couk
Nieves,Althea,velit@yahoo.com
Flynn,Callum,a.felis@icloud.com
Estes,Jonas,dui.fusce.aliquam@aol.net
Mccullough,Fatima,eget.dictum@aol.org
Brady,Lars,semper.pretium@google.net
Shelton,September,dapibus@hotmail.net
Clay,Daniel,cras@aol.com
Lester,Jonas,pulvinar.arcu@icloud.net
Oliver,Cheyenne,orci@yahoo.org
O'brien,Bethany,mauris@icloud.edu
Richard,Katell,eu.elit@protonmail.com
Macias,Olivia,malesuada.ut.sem@outlook.ca
Petty,Jin,eget.volutpat@aol.ca
Clements,Brian,cursus.nunc@aol.net
Potts,Graiden,mauris.ipsum@protonmail.org
Pitts,Buffy,dictum.ultricies@yahoo.couk
Madden,Meredith,non.arcu.vivamus@google.com
Dunn,Bert,ipsum.phasellus@protonmail.org
Mccarty,Evan,orci@outlook.ca
Chapman,Noelle,ut.sem.nulla@icloud.ca
Wall,Molly,elit.erat@aol.com
Ramos,Perry,tincidunt.aliquam@icloud.net
Valdez,Yardley,etiam.imperdiet.dictum@yahoo.edu
Pittman,Uriel,tortor.nunc@icloud.couk
Richardson,Wynne,et.nunc@protonmail.net
Murphy,Otto,enim.condimentum.eget@hotmail.org
Sullivan,Cecilia,posuere.cubilia@aol.ca
Vance,Claire,sodales@google.couk
Price,Prescott,natoque@icloud.org
York,Colby,a.auctor@protonmail.edu
Sanders,Genevieve,porta@yahoo.net
Snow,Sacha,massa.mauris@icloud.ca
Gentry,Herman,ullamcorper@yahoo.com
Tate,Lesley,nec.euismod.in@aol.ca
Cummings,Aline,id.ante@yahoo.ca
Powell,Austin,luctus.felis@yahoo.org
Copeland,Brendan,vel@icloud.org
Byrd,Kimberley,adipiscing.non.luctus@protonmail.edu
Yates,Declan,lorem.ipsum@outlook.net
Atkinson,Dalton,lectus.cum@protonmail.couk
Spears,Kenyon,natoque@hotmail.com
Ashley,Iris,eu.placerat@hotmail.edu
Ashley,Yetta,facilisis.non@aol.ca
Rowland,Joan,tincidunt@aol.edu
Rose,Kylee,cursus.a@protonmail.edu
Valencia,Oscar,donec@aol.net
Branch,Gwendolyn,enim.nisl@aol.com
Stevens,Jesse,in.at@outlook.com
Mooney,Price,vestibulum@yahoo.couk
Wallace,Sonia,dui.semper.et@protonmail.ca
Patton,Nero,congue.a@outlook.couk
Barr,Roanna,convallis.erat.eget@icloud.edu
Cortez,Wylie,parturient.montes.nascetur@google.net
Schultz,Rooney,nullam.nisl@aol.couk
Gilmore,Tate,hendrerit.id.ante@hotmail.net
Mcguire,Harding,integer.aliquam@google.com
Shaw,Denise,mollis.dui@google.net
Lara,Cruz,pellentesque@outlook.org
Boyer,Joelle,porttitor.tellus.non@outlook.couk
Cervantes,Christopher,nec.euismod.in@icloud.couk
Simon,Nita,sapien.imperdiet@google.org
Sheppard,Ursa,velit.dui@yahoo.net
Kelley,Orla,vivamus.rhoncus@google.org
Hubbard,Adena,velit@google.net
Clark,Wynter,lorem.tristique@hotmail.net
Pope,Portia,elit@aol.couk
Clay,Fritz,aliquam@hotmail.org
Hunter,Ethan,mauris.ut@aol.edu
Yates,Kaseem,malesuada@yahoo.couk
Kane,Tara,mi.duis@yahoo.couk
Ferrell,Hannah,enim.sit@protonmail.net
Wood,Jerry,aliquam.gravida@protonmail.ca
Joseph,Jacqueline,lorem.auctor@icloud.net
Wheeler,Eric,iaculis.nec.eleifend@protonmail.net
Martin,Armand,semper.dui@protonmail.ca
Frye,Abbot,arcu.ac@aol.ca
Wiley,Jada,sit@outlook.edu
Bartlett,Signe,mauris.sagittis@outlook.net
Vang,Laura,est.mauris@hotmail.com
Reese,Kamal,gravida@hotmail.ca
Moody,Colton,iaculis.quis@hotmail.net
Jarvis,Cheyenne,facilisis@outlook.edu
Murray,Quinn,porttitor@google.net
Stokes,Rashad,nec.tellus.nunc@aol.edu
Bell,Charde,rutrum@outlook.couk
Harper,Sacha,enim.etiam@protonmail.net
Klein,Daphne,venenatis.lacus@icloud.edu
Cantu,September,consequat.dolor.vitae@icloud.couk
Mercer,Illiana,bibendum.fermentum@protonmail.edu
Mclean,Ezekiel,non.enim@yahoo.ca
Meyers,Vernon,ullamcorper.duis@hotmail.ca
Powell,Brady,quis@google.ca
Sherman,Burke,scelerisque.scelerisque.dui@icloud.com
Cantrell,Lara,lorem.vehicula@outlook.edu
Barrett,Denton,lectus@icloud.com
Landry,Rose,tempus.mauris@outlook.com
Spears,Omar,non.ante@yahoo.org
Holcomb,Avye,quam@protonmail.ca
Harper,Cruz,sapien.molestie.orci@icloud.couk
Green,Melissa,commodo.ipsum@protonmail.couk
Sims,Phyllis,duis.risus.odio@hotmail.net
Orr,Jeremy,facilisis.lorem@hotmail.couk
Boyer,Charissa,etiam@google.ca
Mejia,Hu,pede.nonummy@protonmail.net
Ramsey,Ryder,pellentesque.massa@hotmail.couk
Mathis,Kadeem,faucibus.leo.in@hotmail.ca
Roth,Anne,sit.amet.consectetuer@google.couk
Merritt,Jerome,lacinia@outlook.edu
Neal,Miriam,dolor.sit.amet@protonmail.ca
Bauer,May,eget.venenatis.a@protonmail.com
Kemp,Libby,vehicula.risus.nulla@yahoo.com
Swanson,Ray,pellentesque.ut@aol.com
Taylor,Kaye,at.auctor@hotmail.couk
Mclean,Leilani,arcu.vestibulum.ante@google.couk
Spencer,Joelle,egestas.lacinia@icloud.com
Lloyd,Theodore,mi.felis@google.ca
Camacho,Jaden,dui@outlook.net
Ashley,Neve,mus.donec.dignissim@yahoo.edu
Mayer,Erich,nulla@icloud.org
Carpenter,Sydney,pellentesque.habitant.morbi@yahoo.ca
Green,Ryder,tempus.lorem@outlook.net
Gaines,Ocean,dolor.vitae@protonmail.edu
Morse,Malik,sed.dictum@aol.net
Little,Steel,vulputate.nisi@aol.couk
Knowles,Ishmael,massa.non@aol.edu
Parker,Kevin,nunc.sit@protonmail.edu
Spencer,Hyatt,nulla@hotmail.edu
Delaney,Cullen,nunc.sed.orci@aol.couk
Martin,Devin,risus.at.fringilla@outlook.com
Bray,Marcia,diam@google.couk
Foley,Iris,integer.tincidunt@hotmail.edu
Morton,Palmer,elit.nulla.facilisi@icloud.edu
Walls,Nolan,sed.et.libero@hotmail.com
Christian,Rigel,libero@outlook.com
Christensen,Fitzgerald,congue@aol.org
Clark,Kiayada,molestie@outlook.com
Wong,Gabriel,vulputate.dui@hotmail.couk
Franklin,Quintessa,lacus@protonmail.couk
Wood,Lillith,gravida.aliquam.tincidunt@protonmail.ca
Kim,Jameson,ante.dictum@aol.org
Morton,Ella,praesent.eu.dui@google.org
Cooley,Isaac,aliquam@outlook.org
Mcpherson,Michelle,orci.adipiscing.non@outlook.org
Butler,Brenda,risus@google.couk
Rodriguez,Kalia,nunc.sed@yahoo.ca
Saunders,Dennis,ultricies.dignissim.lacus@yahoo.edu
Long,Dominic,at.fringilla@hotmail.org
Riggs,Shaine,dictum.cursus.nunc@protonmail.org
Puckett,Libby,suspendisse.commodo@outlook.edu
Gardner,Lars,dapibus.quam@yahoo.org
Church,Britanni,vehicula.pellentesque@hotmail.net
Phelps,Ivor,ante@outlook.org
Wilkerson,Deacon,erat.vitae@hotmail.edu
Edwards,Xenos,justo.praesent@google.com
Porter,Cyrus,pharetra.nam@yahoo.net
Stout,Carissa,tempus.non@aol.edu
Wilcox,Nehru,aliquet.phasellus.fermentum@aol.edu
Dotson,Evelyn,non.luctus.sit@protonmail.ca
Dickson,Aline,nisl.maecenas@protonmail.couk
Trujillo,Hamish,duis.sit@icloud.ca
Buckley,Tanek,ornare.facilisis.eget@protonmail.net
Keith,Kaseem,odio@icloud.net
Sherman,Lavinia,ipsum.non@icloud.edu
Morris,Melodie,lorem.ut.aliquam@outlook.ca
Vance,Thaddeus,neque.nullam.nisl@google.edu
Richards,Clare,vitae.purus@hotmail.edu
Bender,Alec,magna.sed@outlook.net
Gallagher,Xandra,auctor.velit@outlook.org
Shepard,Shelley,est.mauris@icloud.couk
Romero,Abdul,id.sapien@outlook.org
Sweet,Theodore,elit.pretium.et@yahoo.couk
Dudley,Evelyn,non@icloud.couk
Hudson,Claire,pharetra.nibh@yahoo.org
Aguilar,Aurora,consequat.auctor@protonmail.net
Francis,Lael,erat.eget@protonmail.couk
Chang,Amanda,eu.metus.in@google.com
Ayers,Amity,arcu.eu.odio@outlook.com
Fulton,Iliana,orci@hotmail.ca
Kelly,Sylvester,dignissim@yahoo.net
Maldonado,Garrison,curae.phasellus@outlook.net
Logan,Jolie,eget.ipsum@protonmail.org
Dorsey,Kasimir,donec.at@google.org
Greer,Haviva,at.egestas@hotmail.ca
Stevenson,Geraldine,arcu.iaculis@hotmail.com
Randall,Winifred,parturient@aol.edu
Roth,Preston,interdum.ligula@aol.couk
Drake,Martin,ipsum.dolor.sit@outlook.edu
Coffey,Drew,tellus.phasellus@aol.org
Hoover,Lacota,ridiculus.mus@icloud.org
Sparks,Cheryl,euismod.urna.nullam@google.org
Berg,Arsenio,arcu@google.net
Patton,Marshall,faucibus.orci@hotmail.couk
Reynolds,Ciara,aenean.sed@yahoo.couk
Haley,Colt,gravida.non@aol.edu
Olsen,Kimberley,nulla@icloud.couk
Shepard,Quentin,tincidunt.nibh@outlook.edu
Mcneil,Salvador,erat@google.org
Yates,Haviva,egestas@google.ca
Burt,Bradley,congue.elit.sed@yahoo.ca
Mcdonald,Marshall,lobortis@icloud.com
Combs,Unity,pede.cras.vulputate@icloud.com
Valenzuela,Anthony,neque.nullam@yahoo.couk
Lynch,Dahlia,ornare.in.faucibus@yahoo.net
Kelley,Kevin,non@google.org
Mcfadden,Hu,mauris.molestie.pharetra@outlook.ca
Stephenson,Ulric,luctus.aliquet@yahoo.com
Vazquez,Joshua,dui.in@protonmail.ca
Nicholson,Alana,ullamcorper@hotmail.couk
Mathis,Fay,arcu.nunc@google.ca
Hampton,Lance,non.enim@icloud.org
Lindsey,Keelie,tortor.nibh@protonmail.net
Ball,Jael,feugiat@yahoo.edu
West,Ryder,a.facilisis@outlook.com
Rowe,Kirby,aliquam.ultrices.iaculis@yahoo.ca
Buck,Aurora,luctus.ut.pellentesque@aol.edu
Charles,Yuri,id.erat@icloud.ca
Farley,Jamalia,amet@icloud.couk
Small,Knox,porta.elit@protonmail.ca
Moses,Lance,purus.gravida.sagittis@google.couk
Barr,Yuli,etiam.vestibulum.massa@outlook.ca
Trevino,Sybil,duis.a.mi@outlook.org
Nielsen,Cruz,ipsum@yahoo.edu
Huff,Dillon,interdum.enim@protonmail.couk
Fernandez,Bradley,nunc.interdum.feugiat@hotmail.edu
Fisher,Madaline,ac@hotmail.edu
York,Bruce,arcu.curabitur@icloud.net
Stanton,Kennan,pellentesque.eget.dictum@outlook.ca
Valenzuela,Maite,quisque.tincidunt@yahoo.edu
Weaver,Dale,nisl.arcu@icloud.edu
Abbott,Amena,senectus.et@icloud.edu
Pierce,Rhiannon,ac.turpis@google.com
Whitaker,Colton,natoque.penatibus.et@hotmail.net
Craig,Imani,at.sem.molestie@protonmail.couk
Duncan,Kimberly,mattis@aol.couk
Sears,Fletcher,ornare.tortor@google.edu
Garrett,Indira,enim.commodo@aol.net
Sawyer,Jessica,imperdiet.nec.leo@outlook.org
Silva,Oprah,non.enim@outlook.edu
Hubbard,Jacob,ligula.aliquam.erat@protonmail.com
Crane,Chantale,semper.cursus@outlook.ca
Byrd,Larissa,tortor.at.risus@aol.couk
Fleming,Jessica,pharetra.nibh@google.ca
Moreno,Desiree,a@outlook.net
Buckner,Phillip,parturient.montes@hotmail.com
Farrell,Thor,ut@google.edu
Hahn,Tad,mollis@outlook.ca
Wall,Reece,nibh.sit@hotmail.net
Castaneda,Kane,pellentesque.ultricies@outlook.ca
Bishop,Angelica,urna@icloud.edu
Wiggins,Maya,id@google.couk
Osborn,Elaine,felis.ullamcorper@yahoo.com
Owen,Basil,bibendum.ullamcorper.duis@yahoo.org
Contreras,Tobias,metus.facilisis@outlook.couk
Richmond,Tobias,commodo.at.libero@icloud.org
Mcdaniel,Ora,tellus.aenean@google.net
Becker,Sydnee,quis.tristique.ac@google.org
Acevedo,Briar,semper.auctor@google.com
Chapman,Galena,auctor.vitae@yahoo.ca
Hansen,Tanner,nullam.ut@icloud.couk
Odom,Elizabeth,et.malesuada@google.edu
Montgomery,Aphrodite,scelerisque.neque@outlook.edu
Robles,Guy,posuere.vulputate@aol.ca
Allen,Cruz,sit@aol.net
Raymond,Wade,vivamus.nisi@aol.ca
Gonzales,Hiroko,pede.blandit@outlook.org
Hernandez,Donna,congue@yahoo.couk
Hoover,Norman,gravida.non@yahoo.ca
Sloan,Hayfa,ornare.lectus@protonmail.com
Mathis,Jane,aenean.gravida@outlook.ca
Hickman,Zane,neque.pellentesque@hotmail.couk
Petersen,Jasmine,at@hotmail.edu
Duffy,Nita,ac.orci.ut@outlook.edu
Paul,Olympia,molestie.pharetra.nibh@icloud.net
Wall,Xena,duis.volutpat.nunc@hotmail.ca
Shepard,Alan,iaculis.lacus@icloud.net
Freeman,Erin,semper.nam@google.edu
Larson,Jermaine,lorem.tristique@yahoo.net
Cote,Isadora,semper.dui.lectus@google.org
Mcdowell,Zane,vitae.erat@outlook.couk
Fletcher,Aimee,posuere.cubilia@aol.net
Ayers,Alyssa,pede@aol.org
Talley,Cassady,iaculis.quis.pede@protonmail.net
Elliott,Mona,consectetuer.adipiscing@outlook.com
Horn,Raphael,lacinia@outlook.couk
Chandler,Justine,laoreet@hotmail.edu
Williamson,Raven,ornare.egestas@hotmail.edu
Doyle,Vincent,felis.nulla@icloud.org
Barry,August,pede@protonmail.com
Emerson,Adria,fermentum.risus@icloud.couk
Maxwell,Idona,diam.duis.mi@hotmail.com
Rollins,Baker,pede.nec@protonmail.org
Buck,Tate,fringilla.mi@yahoo.couk
Wade,Libby,amet.consectetuer@google.com
French,Graiden,enim.mauris.quis@protonmail.couk
Sheppard,Aiko,sagittis.lobortis@protonmail.net
Powell,Jared,fermentum.fermentum@google.couk
Macias,Calvin,non@aol.edu
Mcleod,Lani,dictum@outlook.com
Kim,Lucy,eget@icloud.couk
Miranda,Ariel,leo@hotmail.couk
Mcgee,Hilda,nec.orci@yahoo.couk
Hewitt,Keefe,curabitur@aol.ca
Chandler,Ruby,diam@protonmail.net
Cortez,Byron,tincidunt@outlook.org
Lee,Mercedes,convallis.erat.eget@outlook.com
Carter,Malik,porttitor.eros@yahoo.net
Rhodes,Wesley,nulla.dignissim.maecenas@yahoo.net
Moore,Lamar,lectus.justo@outlook.com
England,Liberty,etiam@google.net
Bright,Lewis,diam.proin.dolor@hotmail.edu
Spears,Carol,lectus.ante@outlook.edu
Holder,Fredericka,dolor.dapibus.gravida@protonmail.com
Kaufman,Shelly,lobortis@outlook.ca
Simpson,Aiko,cras.pellentesque@outlook.edu
Payne,Jelani,non.ante@google.net
Cortez,Jayme,proin.dolor.nulla@icloud.com
Bishop,Abraham,neque@icloud.ca
Finch,Cameron,etiam.vestibulum@google.edu
Stevenson,Sybill,a.tortor@yahoo.ca
Black,Signe,lobortis.quis@yahoo.edu
Wyatt,Austin,adipiscing@google.net
Hyde,Melodie,nullam.ut.nisi@yahoo.com
Ramsey,Ivy,et.malesuada@icloud.ca
Howell,Malcolm,rutrum.non.hendrerit@google.org
Lucas,Regan,per.conubia.nostra@protonmail.edu
Wilder,Wynne,in.cursus.et@google.net
Hebert,Sylvester,arcu.vestibulum@aol.ca
Cleveland,Kelsie,nec@aol.ca
Juarez,Breanna,orci@hotmail.org
Mckenzie,Bianca,arcu@google.ca
Glover,Germaine,tincidunt@google.ca
Barr,Shaeleigh,urna.nec.luctus@aol.edu
Carson,Kamal,massa.vestibulum@protonmail.ca
Howe,Boris,amet.consectetuer.adipiscing@yahoo.ca
Bishop,Shoshana,dictum.sapien@icloud.net
Valenzuela,Hayley,id.sapien.cras@hotmail.net
Holcomb,Roary,molestie.arcu.sed@aol.couk
Reid,Zephr,in.dolor@google.org
Jennings,Lev,nunc.mauris@icloud.org
Glass,Elvis,porttitor@google.org
Lyons,Barbara,egestas.hendrerit@protonmail.couk
Levine,Imogene,aliquam.fringilla@protonmail.edu
Wilkins,Sylvia,rutrum.non.hendrerit@aol.org
Moran,Maris,vivamus.nibh@outlook.net
Aguilar,Dale,duis.elementum@icloud.couk
Jefferson,Rachel,purus.sapien@icloud.couk
Monroe,Wing,dui.fusce@yahoo.org
Bowman,Ivan,dictum.augue@aol.edu
Schneider,Acton,hendrerit.consectetuer@outlook.couk
Gilliam,Henry,nec.cursus@hotmail.net
Riddle,Lamar,nibh.quisque@hotmail.net
Huff,Bethany,vulputate.nisi.sem@aol.edu
Rocha,Edward,et.risus@hotmail.edu
Harrington,Isabelle,aliquet.metus@google.com
Macdonald,Josephine,arcu.vel@icloud.com
Jennings,Rashad,nunc@yahoo.com
Alvarado,Amela,felis.donec@yahoo.ca
Ruiz,Linda,quis@hotmail.net
Bird,Reagan,dictum@icloud.org
Watson,Dexter,urna.convallis.erat@aol.couk
Barnes,Felix,ipsum.suspendisse.non@hotmail.net
Carver,Madonna,mauris@yahoo.com
Sears,Breanna,feugiat.sed.nec@protonmail.com
Brown,Steven,et@google.net
Monroe,Summer,donec.nibh.quisque@icloud.org
Bishop,Phoebe,in.at@google.ca
Bean,Thomas,ut.odio.vel@aol.com
Beck,Norman,eu.odio@outlook.com
Erickson,Evan,nulla@protonmail.com
Crosby,Tate,elit.etiam@icloud.edu
Stephens,Seth,nascetur@yahoo.com
Jacobs,Ella,fermentum.fermentum@protonmail.com
Collins,Amela,augue@protonmail.couk
Brooks,Hunter,orci@hotmail.couk
Hull,Odette,tristique.pharetra@protonmail.org
Woods,Garrison,phasellus.at@yahoo.net
Lindsey,Selma,eget.lacus@outlook.com
Pearson,Aimee,mi@hotmail.edu
Jennings,Carolyn,donec.egestas@hotmail.ca
Hewitt,Lesley,aliquet@yahoo.edu
Holden,Josephine,lorem@icloud.edu
Mathis,Ferris,vestibulum.massa@outlook.com
Good,Louis,libero.et@google.ca
Marsh,Quail,elit@outlook.com
Chaney,Xenos,montes.nascetur@google.ca
England,Suki,vestibulum.neque.sed@hotmail.com
Ruiz,Lysandra,sit.amet@aol.edu
Gregory,Kaseem,non.egestas.a@google.ca
Rowland,Arden,arcu.vestibulum.ut@outlook.ca
Berry,Knox,mattis.semper.dui@outlook.ca
Lester,Cairo,morbi.tristique@outlook.couk
Oliver,Kitra,nec.mauris@aol.org
Fisher,Raven,egestas@aol.com
Silva,Sharon,ante.ipsum@hotmail.net
Dixon,Stephanie,nascetur.ridiculus@aol.net
Mcclure,Garth,sit.amet.risus@outlook.edu
Rowland,Ciaran,in@yahoo.edu
Lewis,Howard,dignissim.maecenas@aol.couk
Pena,Vaughan,justo.nec@icloud.org
Rivas,Erich,fringilla.euismod.enim@icloud.com
Howell,Chloe,luctus@protonmail.ca
Barlow,Aladdin,metus.facilisis.lorem@hotmail.net
Williamson,Fulton,sit.amet.faucibus@protonmail.org
Gallegos,Leroy,arcu.vivamus@icloud.ca
Porter,Wendy,dictum.augue@outlook.edu
Kline,Alika,fusce.aliquam.enim@protonmail.edu
Hanson,Shoshana,augue.malesuada@google.org
Jensen,Cole,egestas.duis@outlook.ca
Vaughn,Francis,at.risus.nunc@yahoo.net
Parker,Alexander,dolor.sit@outlook.ca
Walters,Kaseem,sociosqu.ad.litora@hotmail.couk
Drake,Ciara,non.bibendum@icloud.ca
Burnett,Amos,tempor.est.ac@aol.com
Pugh,Kai,varius.nam@google.edu
Chandler,Mary,auctor.nunc.nulla@aol.ca
Wilkinson,Samantha,pede.cum@icloud.couk
Luna,Addison,imperdiet.non.vestibulum@aol.edu
Finley,Libby,dui@yahoo.couk
Moon,Jade,pede.cum.sociis@aol.net
Benjamin,Sonia,convallis.erat@protonmail.couk
Mueller,Ebony,augue.ut@outlook.ca
Valentine,Griffin,cursus.purus@yahoo.org
Carter,Carissa,mauris@outlook.edu
Berger,Brenna,consequat@yahoo.org
Fletcher,Jaquelyn,eu@icloud.org
Townsend,Tallulah,in@google.net
Montoya,Tanisha,dignissim@google.org
House,Chase,in.magna@yahoo.com
Newton,Chadwick,semper.et@icloud.org
Fernandez,Tiger,lacus.mauris@icloud.edu
Reid,Wayne,magna.nam@outlook.net
Barton,Elliott,aliquet.odio@outlook.net
Waller,Brielle,lacus.cras@google.com
Burton,Xander,neque.vitae.semper@aol.couk
Lancaster,Alan,malesuada@hotmail.net
Holman,Brittany,nulla.tempor.augue@yahoo.net
Pittman,Yardley,est@protonmail.com
Mendoza,Ciara,in@yahoo.edu
Schneider,September,mauris.blandit@yahoo.edu
Russell,Noah,nunc@google.org
Mcconnell,Hilel,id.nunc@hotmail.org
Gay,Miriam,sollicitudin.commodo@aol.edu
Love,Petra,nunc@protonmail.edu
Barrett,Gisela,fusce.diam@icloud.org
Mathews,Nash,semper.dui@protonmail.org
Ballard,Dexter,pharetra.nibh@hotmail.couk
Wilkinson,Luke,quisque.fringilla.euismod@aol.org
Mcdaniel,Morgan,mattis.velit@google.edu
Munoz,Jillian,aenean@google.net
Miller,Ira,ut@yahoo.net
Rogers,Erich,aenean.eget@protonmail.edu
Davenport,Moana,conubia.nostra.per@outlook.ca
Fisher,Murphy,ac.mattis.semper@google.couk
Bartlett,Luke,litora.torquent@outlook.edu
Graves,Wayne,quis.tristique@aol.com
Bowen,Sage,ultrices.posuere.cubilia@google.com
Powell,Barrett,adipiscing.elit@outlook.com
Cabrera,Neville,commodo.tincidunt@hotmail.org
Meyers,Kelsie,faucibus.leo@icloud.org
Mosley,Isabelle,felis@aol.net
Pugh,Brendan,nascetur.ridiculus@aol.net
Reynolds,Kitra,ridiculus@google.net
Dyer,Morgan,gravida@yahoo.edu
Pacheco,Blythe,magna.praesent@yahoo.ca
Griffith,Lila,eget.volutpat@icloud.net
Patton,Claudia,enim.mauris.quis@hotmail.ca
Vaughan,Linda,eu.erat.semper@google.net
Murray,Bradley,luctus.vulputate@aol.couk
Gibbs,Abigail,velit.egestas@google.edu
Rasmussen,Stella,ac.orci.ut@yahoo.edu
Hart,Ahmed,egestas.blandit.nam@yahoo.ca
Nichols,Nigel,nulla.interdum@yahoo.couk
Steele,Harlan,vivamus.nisi@aol.org
Carr,Melvin,integer.id.magna@google.org
Johns,Adria,suscipit.nonummy.fusce@protonmail.org
Brewer,Summer,donec.tempus@yahoo.edu
O'donnell,Leonard,duis.dignissim.tempor@yahoo.edu
Rush,Winter,donec.sollicitudin.adipiscing@hotmail.ca
Hopkins,Amanda,nunc.est@google.net
Mason,Peter,nullam.feugiat.placerat@yahoo.couk
Franco,Guinevere,aliquam@google.couk
Campbell,Ashton,non@aol.org
Sears,Charity,justo.nec.ante@yahoo.edu
Vincent,Elizabeth,sollicitudin.a@google.net
Gill,Catherine,id.ante@aol.net
Hunter,Heidi,in.ornare@icloud.org
Patel,Renee,tristique@aol.edu
Timon,Jamal,eget.varius@aol.org
Travis,Timon,adipiscing.enim@hotmail.ca
Zeph,Jameson,eu.enim.etiam@hotmail.net
Jared,Jared,in@outlook.ca
Zane,Joel,ut@aol.org
Buckminster,Colton,id@yahoo.net
Nathan,Kasimir,orci.ut@outlook.edu
Bruce,Thaddeus,nisl.sem@protonmail.ca
Russell,Gabriel,vestibulum.nec@hotmail.edu
Abdul,Arsenio,donec.feugiat@outlook.edu
Wang,Caleb,malesuada.fames.ac@google.edu
Derek,Callum,feugiat@yahoo.couk
Hashim,Dante,fames.ac@google.ca
Odysseus,Joshua,nulla.facilisis.suspendisse@icloud.org
Clark,Arthur,mattis@protonmail.org
Shad,Vladimir,mi@protonmail.net
Hilel,Timothy,phasellus.elit@outlook.edu
Bradley,Dorian,at.iaculis@hotmail.couk
Marvin,Griffin,ac.mattis@google.ca
Deacon,Hamilton,amet.faucibus@hotmail.couk
Zachary,Dalton,libero.proin.sed@icloud.net
Cade,Judah,eu@hotmail.net
Reese,Brock,enim@aol.org
Nigel,Elton,dignissim.lacus@google.net
Hiram,Lionel,odio@outlook.net
Kenneth,Steven,eu.accumsan@hotmail.edu
Elmo,Amery,erat.volutpat.nulla@protonmail.com
Clark,Graham,non.lacinia.at@icloud.ca
Beck,Macon,cum.sociis@yahoo.net
Lucas,Dominic,euismod.in@google.net
Caldwell,Colton,vitae.risus@hotmail.edu
Tucker,Devin,odio.auctor@yahoo.net
Scott,Allen,nulla@yahoo.edu
Brenden,Devin,nunc.est@icloud.edu
Macaulay,Lester,ac.feugiat@yahoo.edu
Howard,Timothy,ut.eros@aol.net
Allistair,Ignatius,pharetra.nam.ac@protonmail.ca
Nicholas,Caleb,fermentum.arcu@aol.ca
Clarke,Ethan,fringilla.est@protonmail.net
Calvin,Wang,vitae.risus.duis@protonmail.edu
Hashim,Xander,ac.libero.nec@hotmail.org
Nissim,Grady,donec.felis@icloud.net
Ira,Jin,est.ac@icloud.couk
Yuli,Kato,ut@protonmail.org
Price,David,nisl@protonmail.com
Keaton,Calvin,faucibus.morbi@hotmail.couk
Nero,Jacob,risus@yahoo.edu
Ray,Nicholas,nulla.ante@yahoo.org
Shad,Boris,vel@outlook.org
Hiram,Addison,ut@outlook.org
Rafael,Xavier,lorem@aol.net
Fritz,Merritt,dictum.ultricies.ligula@hotmail.ca
Aristotle,Armand,aliquam.tincidunt@google.net
Blaze,Jerome,metus@yahoo.ca
Damian,Oscar,eu.neque@outlook.org
Dieter,Nero,ac.mattis@yahoo.com
Colt,Kermit,pede.ultrices@hotmail.couk
Ignatius,Ignatius,sit.amet@protonmail.ca
Gareth,Darius,vel.mauris@aol.edu
Bevis,Thomas,blandit@icloud.org
Dorian,Talon,lectus.justo@hotmail.org
Kato,Fletcher,diam.eu@outlook.org
Kamal,Alan,sed.nulla@hotmail.edu
Jesse,Fritz,a.auctor.non@icloud.net
Brett,Akeem,adipiscing.lobortis@aol.couk
Jesse,Leonard,quisque.nonummy@icloud.com
Phillip,Rooney,posuere.at@aol.couk
Samuel,Levi,sollicitudin.a@outlook.org
Boris,Theodore,felis.orci.adipiscing@hotmail.org
Derek,Ferris,risus@yahoo.com
Ezekiel,Ray,molestie@hotmail.ca
Harper,Carter,scelerisque.scelerisque@yahoo.couk
Oliver,Brian,felis.ullamcorper@protonmail.net
Basil,Dillon,lacus.quisque@google.com
Jeremy,Kermit,ligula@outlook.ca
Daquan,Rajah,blandit@yahoo.ca
Darius,Colt,feugiat@google.ca
Hilel,Jesse,elit@google.net
Tad,Christian,in@protonmail.com
Armando,Christian,erat.neque@icloud.org
Alexander,Tyrone,eget.varius.ultrices@outlook.edu
Cole,Nissim,consectetuer.adipiscing@outlook.couk
Lester,Dexter,facilisis.vitae.orci@outlook.couk
Keith,Jelani,accumsan@yahoo.ca
Barrett,Price,egestas.hendrerit.neque@google.org
Damon,Castor,mattis.semper.dui@icloud.edu
Howard,Barclay,montes.nascetur@hotmail.org
Reese,Eaton,rutrum@yahoo.net
Kenneth,Deacon,elit.dictum@outlook.edu
Jordan,Samuel,phasellus.fermentum.convallis@aol.couk
Harper,Oliver,turpis@hotmail.com
Damon,Colin,ultrices@aol.ca
Norman,Dylan,posuere@icloud.org
Evan,Preston,nam.interdum@google.com
Reece,Connor,nec@outlook.edu
Reese,Giacomo,pretium.et.rutrum@icloud.ca
Oren,Harper,donec.dignissim.magna@protonmail.couk
Griffith,Bruce,non.ante.bibendum@protonmail.org
Amos,Brendan,eleifend.nec@yahoo.org
Hunter,Baker,erat@aol.com
Guy,Michael,id@outlook.org
Barclay,Noah,auctor.odio@hotmail.org
Wylie,Emery,proin.dolor@yahoo.ca
Allistair,Kenneth,fringilla.est@outlook.net
Bevis,Beau,nisl.maecenas@google.edu
Blaze,Kelly,a.auctor@outlook.org
Grady,Aaron,iaculis.lacus@hotmail.edu
Jarrod,Luke,sodales@outlook.org
Kennedy,Dexter,vulputate@outlook.com
Keith,Marshall,cursus.et@aol.net
Berk,Lane,at.risus@google.com
Francis,Cameron,suspendisse.commodo.tincidunt@google.org
Alvin,Ezra,ornare@aol.ca
Yoshio,Malik,sem@aol.net
Micah,Zachary,maecenas.libero@hotmail.com
Dorian,Eagan,ornare.libero@yahoo.net
Craig,Gregory,mi.pede.nonummy@google.com
Brent,Dieter,neque.vitae@protonmail.com
Arden,Kirk,augue.eu@outlook.net
Kaseem,Tanek,id.sapien@yahoo.org
Lyle,Eagan,nisi@aol.edu
Justin,Zahir,risus.quis@hotmail.com
Scott,Porter,eget.ipsum@google.net
Denton,Kermit,et.malesuada@hotmail.net
Oscar,Wang,curabitur@hotmail.com
Carter,Jesse,consequat.lectus.sit@outlook.ca
Axel,Nash,eu.lacus@google.net
Malik,Cooper,nunc.interdum@outlook.org
Kirk,Ira,lacus.vestibulum.lorem@google.org
Donovan,Armando,sed.nulla@google.ca
Dorian,Craig,ligula.aliquam.erat@icloud.ca
Hayden,Bruno,eu.eros@hotmail.net
Ishmael,Jeremy,cras@yahoo.com
Mufutau,Laith,et.rutrum@aol.net
Zeph,August,cursus.non@outlook.com
Ryan,Zachery,vulputate.risus.a@outlook.couk
Elton,Gary,bibendum@google.net
Xander,Raja,vivamus@hotmail.net
Lev,Clarke,metus.aenean@outlook.couk
Avram,Neil,consectetuer.adipiscing@icloud.com
Lee,Kenneth,nec.enim@google.org
Hyatt,Octavius,fusce.mollis@outlook.com
Maxwell,Kasper,vulputate.eu@hotmail.couk
Kareem,Ahmed,hendrerit.id@hotmail.com
Tucker,Brock,parturient.montes.nascetur@google.ca
Kennedy,Hoyt,diam.duis@google.edu
Trevor,Macaulay,magna.ut@outlook.couk
Rudyard,Carl,sed.nulla@outlook.edu
Oliver,Neil,dictum.mi.ac@protonmail.ca
Levi,Adam,nibh.phasellus@outlook.com
Stephen,Forrest,sit@outlook.com
Baker,Beck,laoreet.posuere@aol.org
Uriel,Michael,ut@google.org
Aidan,Noah,rhoncus@hotmail.edu
Deacon,Carlos,egestas.urna@hotmail.ca
Kaseem,Harper,pede.praesent@aol.net
Louis,Noble,eget.varius@icloud.com
Lester,Edward,enim@aol.edu
Lance,Elliott,suspendisse@aol.ca
Abdul,Burke,at.risus.nunc@icloud.edu
Dale,Luke,eleifend.vitae.erat@hotmail.couk
Preston,Igor,eu.elit@outlook.ca
Chaney,Gavin,magna.praesent@outlook.edu
Otto,Hop,semper@icloud.edu
Alec,Camden,diam.luctus@aol.com
Ferris,Damon,pretium@yahoo.couk
Adam,Griffin,vestibulum@yahoo.com
Paki,Alden,lobortis@protonmail.couk
Marshall,Fritz,duis.dignissim.tempor@aol.couk
Chancellor,Arden,tincidunt.donec@icloud.net
Ira,Reuben,sed@hotmail.org
Gavin,Jarrod,gravida.nunc.sed@protonmail.edu
Daniel,Ralph,ac.feugiat@hotmail.edu
Lewis,Ulric,velit.egestas@icloud.ca
Gage,Coby,urna.nullam@yahoo.ca
Tanek,Eagan,eu.dolor.egestas@protonmail.couk
Donovan,Grant,euismod.enim@outlook.couk
Bevis,Micah,proin.non@google.edu
Marsden,Dane,egestas.fusce@aol.edu
Samuel,Clark,purus.mauris@outlook.ca
Dominic,Dane,ipsum.primis@aol.com
Price,Nasim,odio@google.org
Griffith,Melvin,nunc.lectus@yahoo.com
Solomon,Aidan,fringilla.euismod@google.net
Kaseem,Wyatt,natoque@yahoo.couk
Victor,Len,aliquam.iaculis@icloud.org
Jason,Zeus,aliquam.adipiscing.lacus@hotmail.com
Bradley,Ciaran,duis.sit@icloud.org
Duncan,Tanek,proin.vel@aol.org
Chase,Buckminster,nulla@hotmail.com
Ezekiel,Lawrence,id.enim@aol.edu
Silas,Elijah,consectetuer.euismod@yahoo.couk
Norman,Ryan,sem.egestas@yahoo.org
Xavier,Hiram,pellentesque.habitant@google.com
Giacomo,Brian,a.facilisis@hotmail.edu
Adrian,Brett,convallis.erat@icloud.net
Harding,Kasimir,vulputate@google.edu
Kelly,Jerome,a.scelerisque@outlook.ca
Ethan,Hayden,elementum.purus@hotmail.com
Wesley,Arden,luctus.sit.amet@protonmail.com
Jonah,Wylie,leo.morbi@aol.couk
Jarrod,Chadwick,velit@hotmail.com
Silas,Keegan,semper@google.ca
Jacob,Josiah,nulla@hotmail.com
Louis,Warren,pede.ac.urna@aol.org
Kirk,Ezra,a.feugiat@outlook.couk
Hammett,Melvin,sit@hotmail.edu
Nash,Chadwick,egestas.aliquam@yahoo.com
Joseph,Alan,egestas.nunc@protonmail.net
Sebastian,Ali,ac@icloud.couk
Silas,Dorian,senectus.et@aol.net
Eagan,Gage,a@outlook.org
Ahmed,Omar,ante@yahoo.edu
Reese,Knox,aliquet.magna@outlook.edu
Burke,Jamal,vitae.purus@icloud.net
Cade,Barry,in.ornare.sagittis@protonmail.couk
Brett,Elliott,eget@hotmail.org
Todd,Alexander,tempus.scelerisque@outlook.org
David,Fuller,at.arcu@protonmail.org
Joseph,Ross,tincidunt.pede@hotmail.com
Seth,Nathaniel,eget@icloud.couk
Tyrone,Noah,nec.urna.suscipit@google.ca
Anthony,Merritt,auctor@aol.org
August,Isaiah,purus.gravida@protonmail.net
Francis,Wesley,mauris@hotmail.couk
Logan,Fuller,faucibus.morbi@yahoo.couk
Marshall,Sebastian,conubia.nostra@yahoo.edu
Hayes,Keefe,sem.egestas@hotmail.couk
Colin,Quinn,justo.proin.non@yahoo.ca
Steven,Clayton,justo.nec.ante@hotmail.com
Lee,Joseph,ac.risus@yahoo.net
Walker,Aladdin,ultrices.posuere@outlook.edu
Caldwell,Silas,nibh@icloud.net
Anthony,Clayton,risus.a.ultricies@google.com
Macon,Ross,enim@outlook.couk
Trevor,Amal,lorem.sit@icloud.com
Kieran,Brody,semper@protonmail.ca
Roth,Quinn,risus.donec.egestas@yahoo.ca
Kasimir,Igor,non.ante@aol.com
Lee,Kieran,cursus@aol.couk
Sawyer,Moses,lectus@icloud.com
Brody,Carlos,arcu@hotmail.edu
Dylan,Jakeem,mauris@yahoo.net
Arsenio,Kennan,vestibulum.ante.ipsum@outlook.couk
Paul,Ulysses,tellus.lorem@google.ca
Aladdin,Kieran,sagittis@hotmail.com
Harlan,Camden,ipsum.nunc@hotmail.couk
Callum,Ezra,nunc.commodo@outlook.edu
Jerry,Bert,mus@google.couk
Elton,Levi,lacus@google.couk
Sean,Cullen,urna.nec@icloud.ca
Yoshio,Dieter,amet.luctus@hotmail.couk
Vernon,Channing,fermentum@icloud.ca
Porter,Leo,sed.neque@outlook.couk
Neil,Reuben,nisi.magna@yahoo.org
Chase,Malachi,nulla.cras@hotmail.couk
Dexter,Travis,dignissim.tempor@google.net
Francis,Graiden,metus.sit.amet@protonmail.ca
Kyle,Lucius,tempor.erat@google.ca
Grady,Dane,ultrices@google.edu
Lamar,Jamal,tortor.nibh.sit@hotmail.org
Kadeem,Mason,iaculis.enim.sit@yahoo.ca
Trevor,Hyatt,pharetra.nam@hotmail.couk
Ferris,Wade,rutrum.fusce.dolor@aol.edu
Reed,Yardley,placerat.eget@hotmail.com
Harper,Ross,nibh.quisque@icloud.couk
Lane,Oren,maecenas.mi@icloud.edu
Gil,Tucker,dolor.vitae@hotmail.org
Wang,Wing,proin.dolor.nulla@aol.net
Clayton,Jakeem,quis@aol.com
Duncan,Wang,duis.elementum.dui@aol.com
Nasim,Reed,quisque@protonmail.ca
Cruz,Preston,convallis.in@outlook.org
Micah,Dean,tellus.eu.augue@protonmail.org
Bernard,Burton,malesuada@protonmail.ca
Asher,Herman,integer.id@google.com
Blaze,Cody,cras.vulputate.velit@icloud.edu
Thane,Alfonso,lorem.vehicula.et@yahoo.org
Vladimir,Gage,est@outlook.com
Alan,Howard,accumsan.laoreet@yahoo.com
Fletcher,Russell,id@outlook.net
Daquan,Devin,lacus.ut@hotmail.com
Michael,Justin,donec.egestas.aliquam@protonmail.org
Micah,Xenos,mi@google.com
Ezekiel,Neil,at.arcu.vestibulum@outlook.com
Herman,William,neque.venenatis@google.org
Zane,Wallace,at.libero@protonmail.edu
Ivan,Garth,eu.odio@outlook.edu
Ray,Malachi,ultrices.a@aol.com
Quinn,Lars,amet.dapibus@yahoo.net
Lane,Finn,aenean.eget.magna@aol.ca
Colt,Jakeem,tempor.arcu.vestibulum@protonmail.ca
Timon,Marsden,elementum.dui@hotmail.couk
Cameron,Nash,tristique.neque.venenatis@hotmail.ca
Driscoll,Brett,quis@outlook.edu
Ronan,Abraham,amet.metus@outlook.com
Norman,Kasimir,sem.nulla@aol.org
Carlos,Tate,et.magna@yahoo.net
Quamar,Cody,suspendisse.aliquet.sem@icloud.org
Chaim,Levi,lorem.ac@protonmail.couk
Judah,Brendan,magna.praesent@yahoo.ca
Orson,Graiden,mauris.morbi@google.edu
Harper,Barclay,adipiscing.lacus@google.ca
Abel,Macon,pede@yahoo.org
Hyatt,Harlan,arcu.vestibulum.ante@google.net
Lars,Marsden,ligula@hotmail.net
Steven,Nathan,dictum.magna@yahoo.ca
Jameson,Stone,luctus.et.ultrices@protonmail.com
Carter,Kibo,primis.in.faucibus@aol.org
Barrett,Chase,integer@hotmail.ca
Gregory,Thomas,posuere.cubilia.curae@hotmail.ca
Andrew,Lucius,mauris.rhoncus@google.com
Solomon,Caldwell,phasellus.elit@icloud.net
Dennis,Emery,massa.suspendisse@protonmail.ca
Duncan,Daniel,felis@google.com
Bradley,Thaddeus,odio.tristique.pharetra@hotmail.org
Martin,Craig,nunc.nulla.vulputate@protonmail.couk
Kasimir,Magee,aliquam@protonmail.ca
Henry,Timothy,amet.nulla@icloud.com
Knox,Adam,rutrum.lorem@yahoo.net
Flynn,Phelan,euismod.in.dolor@protonmail.edu
Jesse,Berk,nibh.aliquam@aol.com
Adam,Walker,nulla.aliquet@google.net
Alvin,Jerry,dictum@protonmail.com
Burton,Aaron,ac@yahoo.org
Garth,Reece,varius.orci@hotmail.edu
Neil,Lyle,sed.dui@google.edu
Darius,Gavin,quisque@yahoo.edu
Thomas,Thane,arcu.sed@protonmail.org
Reese,Lee,dis@google.com
Kennan,Kaseem,facilisi.sed@yahoo.org
Byron,Nathaniel,phasellus.at@hotmail.com
Omar,Robert,leo.morbi.neque@hotmail.ca
Austin,Nigel,per.inceptos@hotmail.com
Sylvester,Michael,cras.dictum.ultricies@icloud.com
Reece,Jack,elit.etiam@yahoo.com
Cullen,Warren,erat.neque@icloud.ca
Lev,Leroy,quis.massa@icloud.ca
Gregory,Holmes,eu.placerat.eget@yahoo.com
James,Dominic,rhoncus@yahoo.ca
Byron,Bruno,nunc@google.net
Wing,Jesse,ullamcorper.duis@yahoo.couk
Mohammad,Keegan,risus.at@yahoo.couk
Moses,Garrett,ante.vivamus@outlook.net
Abbot,Conan,nec.malesuada.ut@outlook.org
Otto,Leo,integer.vitae@protonmail.couk
Griffith,Driscoll,adipiscing.elit.etiam@yahoo.org
Garrett,Akeem,eget.dictum@icloud.net
Matthew,Rigel,sagittis.semper.nam@hotmail.couk
Aquila,Thane,tristique@icloud.net
Lyle,Solomon,vitae@aol.net
Dieter,Graiden,gravida.sit@icloud.net
Griffin,Mason,amet.ornare@hotmail.ca
Joel,Callum,magnis.dis@hotmail.edu
Salvador,Alexander,dapibus.quam.quis@yahoo.ca
Walter,Chaim,nec.mollis@google.couk
Yardley,Gray,sit.amet@yahoo.edu
Sebastian,Francis,consectetuer@yahoo.org
Cedric,Kennedy,mi.ac@google.com
Camden,Hop,sem@aol.org
Zephania,Cade,risus.odio@hotmail.edu
Brennan,Vincent,velit.pellentesque@protonmail.com
Erasmus,Edan,non@aol.edu
Kaseem,Elton,sollicitudin.a@google.org
Logan,Patrick,quam.pellentesque@google.net
Gavin,Donovan,elit.pellentesque@icloud.ca
Reuben,Ashton,nec.enim@aol.couk
Graiden,Griffith,vestibulum@icloud.org
Christian,Phillip,mollis.nec@google.com
Troy,Bert,lobortis.augue@yahoo.couk
Tanner,Phillip,aenean@icloud.couk
Kamal,Matthew,eu@yahoo.org
Jakeem,Malachi,consectetuer.euismod@outlook.edu
Buckminster,Brandon,pede.nunc.sed@outlook.org
Howard,Clayton,purus.sapien@protonmail.edu
Castor,Owen,blandit.congue.in@google.com
Neil,Norman,erat.semper@yahoo.net
Vincent,Abbot,quis.arcu@aol.ca
Brock,Abdul,id.libero.donec@hotmail.ca
Eaton,Francis,felis.donec.tempor@google.ca
Chaim,Caleb,sed.pede@icloud.com
Grant,Baker,sem.ut.cursus@yahoo.org
Phelan,Brian,sociosqu.ad@outlook.org
Boris,Brenden,metus.aenean.sed@protonmail.org
Lance,Elmo,libero@google.com
Arthur,Hamish,egestas.lacinia@protonmail.edu
Carlos,Ferris,amet.dapibus@icloud.edu
Malcolm,Melvin,semper@google.couk
Malcolm,Salvador,pharetra.sed@protonmail.ca
Walker,Lucian,molestie.dapibus.ligula@google.org
Allistair,Jesse,elit.curabitur@yahoo.org
Darius,Amos,dui@aol.com
Connor,Gareth,et.malesuada@hotmail.com
Acton,Blaze,id.libero.donec@google.org
Jeremy,Fulton,mauris.eu@outlook.ca
Stuart,Chaney,neque.sed.dictum@protonmail.ca
Henry,Cody,amet.risus@hotmail.ca
Lyle,Ashton,arcu.imperdiet@protonmail.net
Bert,Abbot,metus@aol.ca
Ciaran,Levi,diam@protonmail.org
Jerry,Rafael,faucibus@hotmail.net
Jamal,David,sed.pede@outlook.edu
Reece,Kareem,leo.elementum@icloud.net
Joseph,Daniel,et.libero@hotmail.edu
Caesar,Hammett,iaculis.quis@hotmail.com
Scott,Felix,augue.ac@google.net
Dexter,Dante,vitae.aliquam.eros@icloud.ca
Ivor,Clinton,tempus.risus@protonmail.org
Eagan,Odysseus,consectetuer.euismod.est@google.ca
Tucker,Nehru,magnis.dis@google.com
Phillip,Sylvester,fringilla.est@outlook.org
Jakeem,Trevor,vulputate.lacus.cras@hotmail.com
Oleg,Adrian,nunc.lectus@protonmail.com
Abdul,Samson,sagittis.felis.donec@aol.org
Gareth,Louis,fringilla.ornare@yahoo.org
Gavin,Lionel,ornare.elit.elit@outlook.net
Oliver,Drake,magna@hotmail.com
Reece,Hoyt,erat.eget.tincidunt@aol.com
Akeem,Jonas,ultricies.ligula@protonmail.com
Wade,Hu,ipsum.dolor@hotmail.net
Hamilton,Elton,aliquet.nec@google.couk
Gavin,Ulric,sodales.at.velit@google.couk
Cain,Hakeem,eleifend.vitae@google.com
Simon,Bevis,sagittis.duis@protonmail.ca
Brian,Walter,pede.nonummy@protonmail.ca
Rafael,Michael,odio.auctor@protonmail.edu
Zeph,Basil,eros.nec@aol.com
Rahim,Paul,quisque.purus@icloud.org
Tyler,Dominic,vitae@aol.ca
Lester,Nathan,senectus.et@icloud.ca
Tyrone,Chester,vulputate.risus.a@aol.edu
Baxter,Cole,amet.nulla@hotmail.couk
Oren,Lars,quis.diam.luctus@hotmail.org
Dennis,Keefe,justo.proin@google.ca
Aladdin,Kermit,quisque@yahoo.ca
Amery,Sean,malesuada.integer.id@google.com
Drake,Jameson,nec.tempus@yahoo.net
Martin,Holmes,montes@icloud.net
Chandler,Reed,integer.tincidunt@hotmail.ca
Yardley,Dolan,interdum.ligula.eu@outlook.com
Nehru,Joshua,nam.interdum@protonmail.ca
Jack,Kasimir,tempor.arcu.vestibulum@protonmail.couk
Alan,Emmanuel,dui.nec@aol.com
Abraham,Brendan,enim.curabitur.massa@outlook.edu
Cody,Keefe,dictum@hotmail.org
Salvador,Keefe,vitae.purus@aol.ca
Colby,Cooper,ac@google.net
Chaim,Driscoll,sed@outlook.couk
Ethan,Timothy,et.risus@outlook.edu
Lee,Malachi,nec@aol.net
Kenneth,Drake,justo.proin.non@icloud.couk
Neil,Yoshio,mattis@icloud.com
Julian,Aquila,turpis.aliquam@icloud.ca
Austin,Coby,natoque.penatibus@protonmail.net
Jeremy,Isaiah,et.magnis@aol.com
Tanek,Jakeem,sed.eu.nibh@yahoo.edu
Wallace,Blake,sit.amet.consectetuer@icloud.com
Wesley,Dante,cum.sociis@outlook.com
Baker,Donovan,sit.amet@hotmail.com
Damon,Gabriel,non.arcu@outlook.ca
Clinton,Davis,sit.amet.lorem@yahoo.edu
Omar,Kyle,tincidunt@hotmail.org
Conan,Amal,erat@yahoo.com
Camden,Kadeem,vel.arcu@hotmail.edu
Kieran,Hoyt,vitae.odio@google.com
Cyrus,Kasper,vulputate.lacus@outlook.org
Carson,Jonah,orci.lacus@aol.edu
Dean,Jerry,mauris.rhoncus@protonmail.edu
Kenyon,Kasper,dolor@yahoo.org
Deacon,William,sed.pharetra@aol.ca
Yasir,Sean,id@aol.ca
Zachary,Omar,ultrices.vivamus@yahoo.couk
Grant,Harrison,pede.sagittis.augue@outlook.org
Hall,Nigel,vel.lectus.cum@outlook.ca
Walter,Beck,non.egestas@outlook.ca
Steven,Malcolm,lacinia.vitae@aol.org
Talon,Hu,aliquet.libero@google.com
Patrick,Roth,a.facilisis.non@protonmail.org
Caleb,Fitzgerald,eget.tincidunt.dui@aol.ca
Judah,Thane,nunc.laoreet@icloud.org
Rogan,Amery,accumsan@outlook.couk
Barrett,Kuame,amet@aol.net
Eric,Bevis,vulputate.lacus@aol.ca
George,Keaton,duis.at@icloud.com
Moses,Henry,odio@outlook.org
Graham,Robert,auctor.vitae@google.ca
Seth,Plato,a.magna.lorem@protonmail.net
Jerome,Josiah,pretium.neque@icloud.ca
Jared,Howard,nibh.enim.gravida@outlook.com
Abel,Roth,vestibulum.accumsan@yahoo.org
Stone,Lucas,gravida.molestie@hotmail.org
Gabriel,Hilel,lorem.auctor.quis@protonmail.net
Kennan,Ciaran,dictum.placerat.augue@aol.couk
Hammett,Lee,lacus.vestibulum.lorem@outlook.ca
Lane,Leroy,et.ultrices@outlook.edu
Murphy,Dexter,tempor.bibendum.donec@protonmail.com
Arsenio,Isaiah,et.malesuada@yahoo.edu
Phillip,Howard,fringilla.cursus@outlook.com
Wang,Owen,sit.amet.consectetuer@outlook.couk
Ivan,Neville,nibh@aol.org
Germane,Denise,id@icloud.couk
Dennis,Minerva,amet.risus@google.couk
Desiree,Buck,et.rutrum.non@yahoo.edu
Ira,Barrett,neque.nullam.nisl@protonmail.com
Deacon,Cline,vitae@google.edu
Moana,Schwartz,tortor.integer.aliquam@protonmail.net
Malachi,Henry,sed.nunc@yahoo.org
Malcolm,Leonard,cursus@outlook.org
Macon,Nixon,magnis.dis@yahoo.com
Peter,Sarah,sed@outlook.com
Chester,Laith,sodales.at@yahoo.org
Lucas,Beau,feugiat.tellus@icloud.ca
Oscar,Christine,ligula.eu@google.edu
Yen,Mcdowell,augue@yahoo.ca
Jarrod,Brenda,cum.sociis@outlook.net
Octavius,Trujillo,a.odio@google.edu
Orson,Scarlet,ut.quam@google.org
Sean,Candace,velit@yahoo.ca
Lesley,Dylan,felis.purus.ac@outlook.couk
Bruno,Steven,adipiscing.ligula@google.edu
Rahim,Rudyard,imperdiet.erat@icloud.net
Shad,Ila,et@protonmail.org
Cadman,Yardley,augue.eu@outlook.edu
Allistair,Mcguire,vitae@hotmail.ca
Elvis,Tate,donec.tempus@outlook.ca
Dalton,Zamora,donec.est.nunc@protonmail.ca
Giacomo,Echo,purus.sapien@yahoo.org
Paul,Romero,integer.aliquam.adipiscing@icloud.com
William,Hewitt,pellentesque.a.facilisis@hotmail.couk
Price,Tallulah,pede@outlook.org
Joan,Ignatius,varius.ultrices.mauris@aol.ca
Dylan,Thomas,lectus@hotmail.edu
Paki,Haley,mauris@hotmail.ca
Magee,Thane,pede.cum@hotmail.net
Ethan,Tate,ac.eleifend@icloud.edu
Nayda,Galloway,libero.at@protonmail.ca
Uriel,Adena,in@yahoo.com
Chandler,Phyllis,odio.aliquam@hotmail.edu
Hayes,Tana,dictum.eu@google.com
Lawrence,Jemima,dui@aol.com
Cameron,Colorado,sit@protonmail.com
Damon,Harrison,lorem.tristique@protonmail.net
Chava,Hammett,eleifend@google.edu
Bradley,Genevieve,lobortis@outlook.com
Reese,Maxwell,gravida.sagittis.duis@outlook.couk
Aline,Odom,ultricies.sem.magna@icloud.ca
Kennedy,Iola,porta.elit.a@google.couk
Galvin,Brynn,pharetra.nam.ac@outlook.ca
Dylan,Quon,quam.quis@outlook.org
Zeph,Quinn,mus.aenean.eget@aol.ca
Zachery,Cara,at@protonmail.net
Malachi,Harrison,dictum.sapien@aol.com
Ian,Lacey,scelerisque@outlook.couk
Wendy,Blackwell,convallis@hotmail.ca
Micah,Carol,donec.sollicitudin@aol.com
McKenzie,Judith,sed.nunc@hotmail.com
Phelan,Head,eu.ultrices@outlook.edu
Quamar,Eaton,aliquam.ornare@google.com
Allistair,Flowers,cras.interdum.nunc@outlook.org
Caldwell,Aiko,ac.mi@yahoo.com
Burton,Yeo,enim.nisl@yahoo.couk
Kadeem,Pearson,fermentum.vel.mauris@protonmail.org
Moses,Henry,montes@google.ca
Lane,Indigo,lorem.ipsum@google.ca
Dane,Sonya,praesent.eu.dui@yahoo.com
Upton,Haley,arcu.vestibulum.ante@icloud.org
Calvin,Reilly,nibh.donec.est@outlook.couk
Ivor,Zahir,arcu@google.couk
Ethan,Michael,tellus.non@yahoo.ca
Chandler,Bethany,diam@hotmail.ca
Abel,Garrett,ornare.elit.elit@yahoo.org
Christopher,Jermaine,massa@hotmail.ca
Calvin,Nissim,magna.sed@aol.ca
Grady,Nunez,ornare.sagittis.felis@icloud.edu
August,Roanna,dui.lectus.rutrum@icloud.org
Jocelyn,Huff,est.nunc.laoreet@hotmail.net
Ivan,Lee,amet.ornare@icloud.com
Daquan,Mari,per.conubia@hotmail.edu
Mira,Imani,interdum.curabitur@outlook.ca
Iliana,Ocean,commodo.tincidunt.nibh@aol.org
Leah,Hayden,sem.vitae@yahoo.couk
Olympia,Nina,et.ultrices.posuere@aol.org
Magee,Leblanc,ullamcorper@icloud.ca
Cameron,Barnett,nulla.aliquet@aol.com
Emmanuel,Dennis,ornare.fusce@protonmail.couk
Sylvester,Brynn,mus@protonmail.couk
Austin,Derek,scelerisque.scelerisque@aol.edu
Reed,Middleton,feugiat.non@protonmail.com
Clayton,Willow,dis.parturient.montes@google.net
Adam,Sylvia,aenean.sed.pede@hotmail.net
Bo,Cassandra,nibh@aol.couk
May,Dorothy,risus.nulla.eget@protonmail.org
Adrian,Chase,felis@outlook.edu
Meredith,Phelan,malesuada.fames@icloud.net
Xander,Barr,mattis.ornare@yahoo.ca
Jamal,Hensley,adipiscing.fringilla.porttitor@icloud.net
Gavin,Candice,et.ipsum@aol.net
Noah,Todd,congue.a@aol.net
Robin,Jenette,lacinia.mattis@icloud.edu
Rooney,Alexandra,risus@yahoo.couk
John,Shelby,sed.consequat@hotmail.net
Stephen,Fiona,ipsum@protonmail.net
Cadman,Snider,imperdiet.ullamcorper@outlook.org
Macon,Kasimir,suspendisse.sed.dolor@hotmail.org
Ahmed,Hasad,eget@hotmail.com
Tallulah,Cadman,etiam.imperdiet@protonmail.ca
Bert,Odysseus,pretium.aliquet@protonmail.net
Unity,Jacob,nec@protonmail.edu
Drake,Kiona,eu.elit.nulla@outlook.couk
Adrienne,Yolanda,metus.in@aol.org
Phelan,Abel,non.magna@google.org
Brandon,Ariel,aliquet@hotmail.couk
Brody,Delilah,cursus.luctus.ipsum@hotmail.org
Tatum,Suarez,vulputate.dui@yahoo.edu
Camille,Germane,consectetuer@yahoo.com
Valentine,Karen,malesuada.fringilla.est@icloud.com
Salvador,Carter,nec.orci@aol.couk
Austin,Christopher,integer@outlook.couk
Adam,Aiko,non.luctus@hotmail.couk
Reece,Melanie,eget.lacus.mauris@hotmail.org
Urielle,Franks,donec.luctus@aol.com
Lucas,Abbott,tristique.pharetra.quisque@protonmail.net
Brady,Hayes,euismod@protonmail.ca
Lucian,Kane,dis@yahoo.net
Jolie,Wilder,facilisis.magna@protonmail.edu
Rajah,Salinas,a.arcu@protonmail.ca
Fuller,Wall,dignissim.magna.a@aol.couk
Drake,Idona,nullam.scelerisque.neque@google.net
Drew,Patrick,a.dui@icloud.org
Elmo,Amelia,mauris.sapien.cursus@protonmail.edu
Dora,Jade,nisi.a@icloud.edu
Leo,Nehru,tempus@google.couk
Robert,Navarro,lacinia.orci@google.edu
Rhona,Odette,fringilla@outlook.edu
Halla,Sanford,sapien.imperdiet.ornare@hotmail.net
David,Ethan,nunc.lectus.pede@protonmail.ca
Scott,Odysseus,diam.luctus@aol.com
Nehru,Doris,phasellus@hotmail.couk
Maryam,Ferdinand,cras@hotmail.com
Mallory,Basil,augue.ut.lacus@protonmail.couk
Erasmus,Donna,est@hotmail.ca
Madeson,Justin,proin.non@aol.ca
Dane,Timon,sed.eu@outlook.org
Sasha,Miller,aliquam.erat@protonmail.org
Dara,Sylvia,proin.vel.arcu@icloud.com
Keaton,Brooke,ipsum.donec@outlook.edu
Bevis,Aladdin,scelerisque.neque.nullam@yahoo.ca
Dolan,Timothy,laoreet.libero.et@protonmail.net
Tiger,Chaim,consectetuer@protonmail.ca
Vladimir,Octavia,eu.tempor@protonmail.org
Kerry,Petra,vulputate@protonmail.org
Hilel,Breanna,est.nunc.ullamcorper@hotmail.org
Samuel,Key,tincidunt.dui.augue@google.com
Jessamine,Stokes,tellus@protonmail.ca
Scarlett,Colby,a.aliquet@outlook.org
Grace,Winifred,faucibus@hotmail.ca
Aristotle,Christopher,vestibulum.ut@aol.com
Lane,Fuentes,nunc@aol.net
Emma,Kirk,in@yahoo.net
Sage,Adara,nonummy.ac@yahoo.net
Jack,Adena,pharetra.quisque@aol.ca
Scarlett,Vanna,mauris.molestie.pharetra@icloud.couk
Maxwell,Kelly,urna@protonmail.ca
Dorian,Chanda,metus.facilisis@google.edu
Ethan,Hammett,pede.nunc@protonmail.couk
Micah,Silva,magna.suspendisse.tristique@icloud.edu
Quemby,Hall,nulla.eu@outlook.couk
Jasper,Malcolm,ultrices.vivamus@protonmail.couk
Solomon,Roy,morbi.accumsan@google.org
Indira,Jaime,vulputate.posuere@aol.couk
Kenyon,Merrill,donec@outlook.net
Chanda,Anthony,et.lacinia@icloud.couk
Kaye,Kelly,amet.ante.vivamus@protonmail.org
Jaden,Tobias,egestas.fusce@google.ca
Rigel,Kamal,ullamcorper.nisl@outlook.net
Leslie,Britanni,ullamcorper@hotmail.org
Tarik,Velma,ac@outlook.couk
Brock,Sylvester,sed.id@google.couk
Duncan,Jamal,elit.pharetra@protonmail.org
Jayme,Maris,ac.feugiat.non@protonmail.couk
Kylee,Fuentes,proin.mi@icloud.com
Leonard,Madeson,diam.dictum@hotmail.couk
Murphy,Daria,ac.urna.ut@outlook.couk
Clio,Xanthus,mauris.morbi.non@aol.couk
Demetrius,Tanek,morbi.tristique@aol.com
Rafael,Urielle,amet.risus.donec@outlook.ca
Oliver,Cooper,nunc.nulla.vulputate@icloud.org
Russell,Blythe,volutpat.nulla@protonmail.ca
Steel,Cleo,semper.erat.in@google.couk
Ila,Parker,leo.morbi@aol.couk
Diana,Zachery,morbi.tristique@icloud.couk
Solomon,Keely,vitae.nibh@aol.net
Reed,Talon,curabitur@yahoo.com
Bernard,Barry,placerat.cras.dictum@protonmail.couk
Xanthus,Knox,tincidunt@google.couk
Francis,Montana,lorem.vitae@aol.ca
Ima,Avery,mi.eleifend@protonmail.couk
Drew,Gutierrez,odio@protonmail.edu
Rahim,Vielka,amet@aol.org
Gregory,Aguirre,nostra.per@aol.org
Hedwig,Flynn,vitae@aol.com
Blaze,Olga,aliquam@aol.com
Colin,Potts,venenatis@outlook.org
Quinn,Solomon,dolor.vitae@google.org
Mercedes,Hayley,cum.sociis@hotmail.ca
Calvin,Reilly,phasellus@protonmail.net
Steel,Gillespie,ullamcorper.velit.in@google.net
Kelsie,Joelle,at@outlook.couk
Valentine,Sophia,enim.consequat.purus@protonmail.ca
Henry,Payne,a.mi@aol.couk
Allen,Nola,lectus.justo@aol.com
Raja,Cash,amet@yahoo.ca
Erasmus,Victor,at.nisi@protonmail.net
Josephine,August,ligula.aliquam.erat@hotmail.com
Yoko,Ezra,fermentum@yahoo.net
Nehru,Hedley,ut@hotmail.couk
Haviva,Ewing,vestibulum@protonmail.net
Jana,Hudson,ut.mi@hotmail.org
Cathleen,Whoopi,sed.diam.lorem@outlook.ca
Dane,Henson,donec.sollicitudin@aol.couk
Hu,Fredericka,sagittis.felis@google.net
Kaitlin,Keelie,fusce@hotmail.ca
Calvin,Long,penatibus.et.magnis@google.ca
Meghan,Lancaster,luctus@yahoo.ca
Dean,Miranda,maecenas@google.com
Nora,Shelley,nonummy.ipsum.non@aol.net
Vaughan,Sawyer,ligula.elit@aol.edu
Carter,Ellison,porttitor.vulputate@yahoo.com
Gage,Brennan,massa.vestibulum@outlook.net
Chaney,Cooper,augue@outlook.edu
Kermit,Britt,tincidunt@icloud.edu
Declan,Imogene,euismod.ac.fermentum@google.org
Curran,Joan,luctus.ipsum.leo@protonmail.org
Maxine,Alisa,dis.parturient@protonmail.com
Chaney,Dominique,ipsum.dolor.sit@google.ca
Rogan,Constance,ac@google.net
Aidan,Wing,elit@yahoo.couk
Tatum,Beau,ut.ipsum@yahoo.com
Macon,Yates,vestibulum.neque@protonmail.couk
Keegan,Vaughan,lobortis.augue@icloud.edu
Richard,Noelle,pharetra.felis@outlook.couk
Kelsie,Abigail,bibendum.donec@hotmail.org
Joseph,Louis,in.felis@aol.ca
Hoyt,Nadine,diam@icloud.edu
Ulysses,Wolfe,leo.elementum@protonmail.com
Theodore,Clay,vestibulum@google.org
Amir,Little,sem.molestie@hotmail.ca
Gregory,Myra,tellus.nunc@hotmail.net
William,Hamilton,odio.phasellus.at@yahoo.com
Jerome,Eric,nibh@outlook.couk
Gay,Gaines,eros.nam@icloud.couk
Robert,Moreno,parturient.montes@google.ca
Evan,Chancellor,arcu.aliquam.ultrices@google.couk
Kasper,Darryl,pellentesque.ultricies.dignissim@icloud.com
Carter,Chase,senectus.et@hotmail.couk
Brandon,Wang,odio.etiam@protonmail.net
Hu,Illiana,augue@aol.ca
Sylvester,Elvis,turpis.vitae.purus@google.ca
Dustin,Murphy,tempor.bibendum@google.ca
Kadeem,Fletcher,sit.amet@outlook.edu
Salvador,Barclay,urna.ut@yahoo.ca
Vladimir,Leonard,quisque.nonummy@protonmail.edu
Flynn,Daphne,lacus.mauris.non@yahoo.couk
Rafael,Moore,posuere@yahoo.com
Ray,Cleo,donec@google.com
Eliana,Mooney,et.tristique@outlook.com
Colin,Benjamin,vel@yahoo.edu
Gil,Shields,elit@protonmail.edu
Hedley,Amela,aliquam.gravida@hotmail.com
Nathaniel,Jaden,cras@hotmail.couk
Kane,Sade,lobortis.risus.in@outlook.edu
Laith,Chaney,turpis.nulla.aliquet@protonmail.couk
Omar,Gregory,id.ante@hotmail.edu
Charles,Illiana,ac.turpis.egestas@yahoo.com
Adara,Samuel,dictum.phasellus@icloud.edu
Gavin,Naida,augue.scelerisque.mollis@icloud.com
Clayton,Yael,arcu.ac@protonmail.net
Benjamin,Jael,nascetur.ridiculus@aol.net
Nash,Floyd,mauris.rhoncus@outlook.edu
Elijah,August,mauris.sapien.cursus@aol.org
Jason,Linus,fames.ac.turpis@icloud.couk
Yasir,Beatrice,eu@protonmail.edu
Velma,Violet,dolor.dapibus@hotmail.ca
Jolene,Berg,ligula.nullam@outlook.ca
Yuli,Bradley,quam@protonmail.couk
Vernon,Remedios,a.feugiat@protonmail.org
Henry,Hale,quis@hotmail.couk
Owen,Rodriguez,convallis@aol.org
Fleur,Mariam,magna@outlook.ca
Merrill,Plato,turpis.egestas@aol.ca
Kelly,Nerea,vel.arcu@yahoo.com
Naomi,Yvonne,cras.dolor@icloud.net
Len,Nissim,molestie@protonmail.couk
Lucian,Kyra,fringilla@google.edu
Robert,Potter,ipsum.cursus@outlook.ca
Price,Becker,ac.mattis@google.edu
Darius,Orlando,et@protonmail.com
Shad,Jonah,odio.etiam.ligula@icloud.net
Amos,Shannon,eu.sem.pellentesque@icloud.ca
Lisandra,Carol,eu.odio.phasellus@outlook.edu
Harper,Knox,arcu@icloud.net
Allen,Wallace,pellentesque.habitant@aol.couk
Gareth,Bryan,nam.ligula@outlook.com
Dane,Blaze,mollis.non@hotmail.edu
Brett,Hakeem,metus@icloud.couk
Hedley,Farrell,risus.in@yahoo.net
Drake,Young,in.lobortis.tellus@protonmail.edu
Larissa,Hahn,scelerisque@icloud.net
Judah,Brennan,ornare@aol.edu
Daria,Mark,ligula.eu@google.net
Gregory,Hamilton,ipsum.sodales.purus@yahoo.com
Calvin,Kylie,mi.lorem@icloud.com
Harper,Erin,nunc.pulvinar@google.org
Driscoll,Signe,et.tristique@aol.com
Aiko,Keith,nulla@protonmail.ca
Jarrod,Harding,fringilla.mi.lacinia@icloud.org
Thomas,Aguirre,at.libero@protonmail.com
Garth,Eric,ipsum.leo@icloud.net
Brady,Quinn,urna.convallis@protonmail.net
Calvin,Ginger,lorem@icloud.net
Bevis,Idola,id.erat@google.net
Hall,Florence,ac.libero@outlook.org
Pandora,Hoyt,mauris@google.com
Caesar,Thane,et.netus.et@google.couk
Hoyt,Ginger,nec.urna.et@protonmail.ca
Lilah,Carl,vitae.semper@yahoo.org
Thane,Alana,pede.ac@google.couk
Berk,Ciaran,et@protonmail.ca
Dustin,Michelle,diam.nunc@icloud.ca
Raymond,Bertha,commodo.auctor@aol.net
Lev,Drew,vitae.aliquet@yahoo.net
Zeus,Benson,tellus@google.org
Curran,Karina,convallis@protonmail.couk
Rashad,Justin,pretium.neque.morbi@protonmail.com
Mohammad,Logan,integer.vitae@google.com
Cody,Adele,mauris.eu@protonmail.ca
Orla,MacKensie,donec.sollicitudin.adipiscing@hotmail.com
Moses,Emily,leo.morbi.neque@outlook.edu
Timon,May,habitant.morbi@icloud.com
Gisela,Rooney,nunc.mauris@protonmail.edu
Austin,Kimberley,adipiscing@protonmail.org
Beck,Kameko,eget.tincidunt.dui@protonmail.org
Trevor,Wang,dis.parturient.montes@icloud.com
Garth,Norman,amet.luctus.vulputate@aol.couk
Sara,Blankenship,mollis@google.net
Zephania,Cameron,taciti@outlook.net
Mason,Hoffman,at.egestas@icloud.com
Iona,Brynne,felis@yahoo.net
Gregory,Linda,ipsum.curabitur@aol.net
Harrison,Colt,leo.vivamus@yahoo.org
Celeste,Tiger,ridiculus.mus@outlook.couk
Keaton,Portia,lorem.tristique@aol.edu
Yen,Tyson,ultrices.sit@outlook.net
Price,Rina,egestas.fusce.aliquet@protonmail.ca
Mechelle,Latifah,odio.sagittis@outlook.net
Benedict,Alexandra,sapien.cursus@yahoo.com
Samson,Nina,sit.amet.ultricies@google.com
Orli,Nomlanga,praesent.interdum@icloud.org
Solomon,Gross,nunc@outlook.org
Valentine,Fleming,lorem.sit.amet@outlook.couk
Quyn,Kiona,scelerisque.sed@yahoo.com
Anthony,Jayme,aliquam@icloud.org
Ciaran,Wall,pede.praesent@protonmail.net
Nash,Holmes,congue.a@protonmail.ca
Tucker,Virginia,ipsum.suspendisse@aol.couk
Lyle,Vincent,consectetuer@yahoo.edu
Jakeem,Norton,auctor.odio.a@google.couk
Norman,Denton,lobortis.class@hotmail.ca
Allistair,Lane,vulputate.ullamcorper@aol.com
Simon,Kidd,nam.consequat@google.org
Lawrence,Mcneil,nullam.vitae@hotmail.couk
Anjolie,Patrick,integer.tincidunt@google.ca
Evan,Shoshana,nunc.ac@hotmail.ca
Amaya,Ralph,aliquam@icloud.ca
Ulric,Shelly,scelerisque.neque.sed@google.edu
Marsden,Graves,non@aol.org
Phelan,Marsh,nibh.phasellus@google.net
Colby,Daryl,etiam.bibendum@google.net
Oleg,Drake,ligula.aenean@hotmail.org
Clarke,Julie,magna.praesent.interdum@aol.net
Daniel,Kenneth,laoreet.libero.et@aol.com
Dean,Morin,nulla.donec.non@yahoo.edu
Piper,Hendrix,a@google.edu
Shad,Erasmus,ac.metus@google.org
Tamara,Brenden,dictum.magna@aol.couk
Dillon,Mikayla,in.lobortis@aol.edu
Nichole,Rylee,egestas.hendrerit.neque@aol.ca
Petra,Yoshio,mauris.sagittis@google.couk
Kato,Brenda,iaculis.nec@hotmail.couk
Lester,Jemima,eget@outlook.com
Garrett,Dara,donec.sollicitudin.adipiscing@yahoo.net
Astra,Delacruz,donec@yahoo.edu
Ignatius,Sharon,mi.fringilla@icloud.net
Melvin,Dane,cras.eu@google.org
Alec,Hoyt,consequat.purus@yahoo.couk
Fletcher,Kasimir,eget.volutpat.ornare@google.net
Rogan,Maxine,a@protonmail.ca
Grant,Green,sed.facilisis.vitae@protonmail.edu
Yuli,Wilkinson,velit.in@icloud.edu
Bruce,Flavia,luctus.lobortis@aol.couk
Cruz,Samson,at@outlook.net
Steven,Rios,odio@protonmail.org
Amir,Irma,parturient.montes@google.ca
Richard,Ishmael,amet.nulla@google.net
Carter,Ryder,ultrices@yahoo.org
Ryan,Marcia,ac.arcu@outlook.ca
Palmer,Bo,at.pede.cras@aol.net
Clarke,Emery,cras.convallis.convallis@yahoo.couk
Vincent,Mullen,et.tristique@outlook.ca
Amy,Jamalia,nam.interdum.enim@hotmail.net
Honorato,Kato,elementum@hotmail.edu
Benjamin,Ginger,vel.venenatis@aol.net
Dylan,Hammett,accumsan.sed@outlook.org
Dexter,Randall,orci.luctus@outlook.couk
Deacon,Fatima,eget.volutpat.ornare@protonmail.org
Jesse,Zeus,amet@outlook.couk
Gay,Nasim,risus.nulla@icloud.couk
Kenneth,Liberty,sed.pede@outlook.org
Byron,Maxine,felis.donec@google.edu
Connor,Pamela,tincidunt@protonmail.edu
Mufutau,Blaze,quis.diam@icloud.com
Tobias,Octavia,neque.tellus@aol.net
Charity,Abigail,blandit@aol.org
Ferris,Potts,adipiscing.ligula@yahoo.org
Gil,Bevis,donec.non@aol.ca
Lydia,Hu,sapien.imperdiet.ornare@outlook.net
Jackson,Baker,sem.ut@yahoo.org
Lionel,Sopoline,et.magnis.dis@aol.net
Urielle,Sosa,odio@icloud.com
Quinn,Langley,ante.maecenas.mi@protonmail.com
Haley,Thaddeus,vitae@hotmail.ca
Phelan,Jenna,urna@icloud.edu
Berk,Tate,integer.urna@icloud.org
Brady,Allegra,odio@google.edu
Alea,Atkinson,mi.ac@google.ca
Bevis,Bruno,convallis.dolor@outlook.net
Hyatt,Stout,nisi.nibh@aol.edu
Amery,Hampton,urna.suscipit.nonummy@protonmail.com
Akeem,Sara,suspendisse.ac.metus@outlook.com
Dalton,Shoshana,dolor.tempus@yahoo.com
McKenzie,Irene,donec.tempus.lorem@aol.org
Dean,Martina,at.velit@protonmail.org
Isaiah,Flavia,magna@google.net
Acton,Celeste,dui.in.sodales@outlook.net
Nathan,Jacobson,vestibulum.massa@icloud.ca
Charles,Lila,integer.urna.vivamus@protonmail.org
Lavinia,Bradshaw,dolor.quam@icloud.org
Cairo,Gareth,cras.convallis@outlook.couk
Shea,Maia,luctus.et.ultrices@hotmail.net
Beck,Parker,in.faucibus@aol.org
Paki,Austin,orci.donec@hotmail.org
Gretchen,Kelly,integer.vulputate.risus@aol.edu
Arthur,Ursa,sed.est.nunc@outlook.ca
Shad,Martin,quis.pede@google.edu
Davis,Ulric,velit.justo.nec@outlook.ca
Stephanie,Kai,ut.cursus@aol.ca
Robert,Clare,vestibulum@yahoo.edu
Regina,Neal,egestas.a@outlook.com
Micah,Deborah,enim.nec@icloud.edu
Dolan,Guy,dolor.sit@hotmail.com
Cora,Nichole,mi.lacinia.mattis@icloud.couk
Hakeem,Hayley,cum@yahoo.com
Rashad,Gwendolyn,eget.magna@yahoo.org
Eagan,Shannon,eu.tempor@yahoo.couk
Signe,Decker,mus@hotmail.edu
Hayden,Adrienne,amet.consectetuer.adipiscing@outlook.couk
Connor,Lawrence,cum.sociis.natoque@yahoo.org
Melyssa,Mendez,aliquet.diam@hotmail.couk
Kaseem,Chelsea,consectetuer.rhoncus@outlook.org
Jacob,Anne,lacus.vestibulum@yahoo.couk
Acton,Hayes,adipiscing.mauris@outlook.net
Jonah,Sebastian,ad.litora.torquent@icloud.couk
Moses,Stephen,et.magnis@hotmail.com
Charles,Rahim,convallis@hotmail.net
Moses,Sheila,quisque.nonummy@aol.org
Adam,Garrett,fermentum@outlook.net
Ivor,Cheyenne,sollicitudin.a.malesuada@aol.couk
Macon,Rebecca,sollicitudin.commodo@google.ca
Ishmael,Watson,sed.diam@hotmail.org
Lamar,Hicks,leo.morbi@hotmail.com
Urielle,Jackson,massa@hotmail.couk
Keefe,Brandon,interdum.ligula@google.couk
William,Peters,nulla@protonmail.net
Talon,Kimberley,risus.nulla@google.couk
Stuart,Weber,pede.nunc.sed@google.org
Kristen,Aurelia,donec.est@yahoo.com
Yael,Horn,id.nunc.interdum@yahoo.edu
Joshua,Unity,lorem.donec.elementum@protonmail.edu
Henry,Lani,eu.enim@outlook.org
Lyle,Kelsie,pellentesque.habitant@hotmail.edu
Knox,Moana,ut.cursus@yahoo.org
Zahir,Stanton,mauris.suspendisse@icloud.couk
Barrett,Guinevere,magna.praesent.interdum@protonmail.net
Dacey,Fuller,nec.urna@yahoo.net
Tarik,Heath,tincidunt@protonmail.edu
Jasmine,Harrington,praesent.luctus@aol.ca
Sopoline,Amos,egestas@aol.org
Indigo,Ferdinand,non.feugiat@protonmail.org
Orson,Henry,phasellus@outlook.edu
Louis,Rajah,iaculis.quis@aol.net